TEAM_ID,OBJECT,MISSION_TIME,PACKET_CNT,ALTITUDE,PRESSURE,SPEED,TEMP,VOLTAGE,HEADING,SOFTWARE_STATE
6159,CONTAINER,0,0,0.0,0.0,0.0,0.0,0.0,0.0,0
6159,CONTAINER,0,0,0.0,0.0,0.0,0.0,0.0,0.0,0
6159,CONTAINER,0,0,0.0,0.0,0.0,0.0,0.0,0.0,0
6159,CONTAINER,0,0,0.0,0.0,0.0,0.0,0.0,0.0,0
6159,CONTAINER,0,0,0.0,0.0,0.0,0.0,0.0,0.0,0
6159,CONTAINER,0,0,0.0,0.0,0.0,0.0,0.0,0.0,0
6159,CONTAINER,0,0,0.0,0.0,0.0,0.0,0.0,0.0,0
6159,CONTAINER,0,0,0.0,0.0,0.0,0.0,0.0,0.0,0
6159,CONTAINER,0,0,0.0,0.0,0.0,0.0,0.0,0.0,0
6159,CONTAINER,0,0,0.0,0.0,0.0,0.0,0.0,0.0,0
6159,CONTAINER,0,0,0.0,0.0,0.0,0.0,0.0,0.0,0
6159,CONTAINER,0,0,0.0,0.0,0.0,0.0,0.0,0.0,0
6159,CONTAINER,0,0,0.0,0.0,0.0,0.0,0.0,0.0,0
6159,CONTAINER,0,0,0.0,0.0,0.0,0.0,0.0,0.0,0
6159,CONTAINER,0,0,0.0,0.0,0.0,0.0,0.0,0.0,0
6159,CONTAINER,0,0,0.0,0.0,0.0,0.0,0.0,0.0,0
6159,CONTAINER,0,0,0.0,0.0,0.0,0.0,0.0,0.0,0
6159,CONTAINER,0,0,0.0,0.0,0.0,0.0,0.0,0.0,0
6159,CONTAINER,0,0,0.0,0.0,0.0,0.0,0.0,0.0,0
6159,CONTAINER,0,0,0.0,0.0,0.0,0.0,0.0,0.0,0
6159,CONTAINER,0,0,0.0,0.0,0.0,0.0,0.0,0.0,0
6159,CONTAINER,0,0,0.0,0.0,0.0,0.0,0.0,0.0,0
6159,CONTAINER,0,0,0.0,0.0,0.0,0.0,0.0,0.0,0
6159,CONTAINER,0,0,0.0,0.0,0.0,0.0,0.0,0.0,0
6159,CONTAINER,0,0,0.0,0.0,0.0,0.0,0.0,0.0,0
6159,CONTAINER,0,0,0.0,0.0,0.0,0.0,0.0,0.0,0
6159,CONTAINER,0,0,0.0,0.0,0.0,0.0,0.0,0.0,0
6159,CONTAINER,0,0,0.0,0.0,0.0,0.0,0.0,0.0,0
6159,CONTAINER,0,0,0.0,0.0,0.0,0.0,0.0,0.0,0
6159,CONTAINER,0,0,0.0,0.0,0.0,0.0,0.0,0.0,0
6159,CONTAINER,0,0,0.0,0.0,0.0,0.0,0.0,0.0,0
6159,CONTAINER,0,0,0.0,0.0,0.0,0.0,0.0,0.0,0
6159,CONTAINER,0,0,0.0,0.0,0.0,0.0,0.0,0.0,0
6159,CONTAINER,0,0,0.0,0.0,0.0,0.0,0.0,0.0,0
6159,CONTAINER,0,0,0.0,0.0,0.0,0.0,0.0,0.0,0
6159,CONTAINER,0,0,0.0,0.0,0.0,0.0,0.0,0.0,0
6159,CONTAINER,0,0,0.0,0.0,0.0,0.0,0.0,0.0,0
6159,CONTAINER,0,0,0.0,0.0,0.0,0.0,0.0,0.0,0
6159,CONTAINER,0,0,0.0,0.0,0.0,0.0,0.0,0.0,0
6159,CONTAINER,0,0,0.0,0.0,0.0,0.0,0.0,0.0,0
6159,CONTAINER,0,0,0.0,0.0,0.0,0.0,0.0,0.0,0
6159,CONTAINER,0,0,0.0,0.0,0.0,0.0,0.0,0.0,0
6159,CONTAINER,0,0,0.0,0.0,0.0,0.0,0.0,0.0,0
6159,CONTAINER,134,129,0.0,0.0,0.0,34.1,8.75,0.0,1
6159,CONTAINER,135,130,0.0,0.0,0.0,34.1,8.75,0.0,1
6159,CONTAINER,136,131,0.0,0.0,0.0,34.1,8.75,0.0,1
6159,CONTAINER,137,132,0.0,0.0,0.0,34.1,8.75,0.0,1
6159,CONTAINER,138,133,0.0,0.0,0.0,34.1,8.74,0.0,1
6159,CONTAINER,139,134,0.0,0.0,0.0,34.2,8.74,0.0,1
6159,CONTAINER,140,135,0.0,0.0,0.0,34.2,8.74,0.0,1
6159,CONTAINER,141,136,0.0,0.0,0.0,34.2,8.74,0.0,1
6159,CONTAINER,142,137,0.0,0.0,0.0,34.2,8.74,0.0,1
6159,CONTAINER,143,138,0.0,0.0,0.0,34.2,8.74,0.0,1
6159,CONTAINER,144,139,0.0,0.0,0.0,34.3,8.74,0.0,1
6159,CONTAINER,145,140,0.0,0.0,0.0,34.3,8.74,0.0,1
6159,CONTAINER,146,141,0.0,0.0,0.0,34.3,8.73,0.0,1
6159,CONTAINER,147,142,0.0,0.0,0.0,34.3,8.74,0.0,1
6159,CONTAINER,148,143,0.0,0.0,0.0,34.3,8.74,0.0,1
6159,CONTAINER,149,144,0.0,0.0,0.0,34.3,8.74,0.0,1
6159,CONTAINER,150,145,0.0,0.0,0.0,34.4,8.74,0.0,1
6159,CONTAINER,151,146,0.0,0.0,0.0,34.4,8.74,0.0,1
6159,CONTAINER,152,147,0.0,0.0,0.0,34.4,8.74,0.0,1
6159,CONTAINER,153,148,0.0,0.0,0.0,34.4,8.73,0.0,1
6159,CONTAINER,154,149,0.0,0.0,0.0,34.4,8.73,0.0,1
6159,CONTAINER,155,150,0.0,0.0,0.0,34.5,8.73,0.0,1
6159,CONTAINER,156,151,0.0,0.0,0.0,34.5,8.73,0.0,1
6159,CONTAINER,157,152,0.0,0.0,0.0,34.5,8.73,0.0,1
6159,CONTAINER,158,153,0.0,0.0,0.0,34.5,8.72,0.0,1
6159,CONTAINER,159,154,0.0,0.0,0.0,34.5,8.71,0.0,1
6159,CONTAINER,160,155,0.0,0.0,0.0,34.6,8.72,0.0,1
6159,CONTAINER,161,156,0.0,0.0,0.0,34.6,8.72,0.0,1
6159,CONTAINER,162,157,0.0,0.0,0.0,34.6,8.71,0.0,1
6159,CONTAINER,163,158,0.0,0.0,0.0,34.6,8.71,0.0,1
6159,CONTAINER,164,159,0.0,0.0,0.0,34.6,8.71,0.0,1
6159,CONTAINER,165,160,0.0,0.0,0.0,34.6,8.71,0.0,1
6159,CONTAINER,166,161,0.0,0.0,0.0,34.7,8.7,0.0,1
6159,CONTAINER,167,162,0.0,0.0,0.0,34.7,8.69,0.0,1
6159,CONTAINER,168,163,0.0,0.0,0.0,34.7,8.7,0.0,1
6159,CONTAINER,169,164,0.0,0.0,0.0,34.7,8.7,0.0,1
6159,CONTAINER,170,165,0.0,0.0,0.0,34.7,8.7,0.0,1
6159,CONTAINER,171,166,0.0,0.0,0.0,34.7,8.7,0.0,1
6159,CONTAINER,172,167,0.0,0.0,0.0,34.8,8.7,0.0,1
6159,CONTAINER,173,168,0.0,0.0,0.0,34.8,8.7,0.0,1
6159,CONTAINER,174,169,0.0,0.0,0.0,34.8,8.7,0.0,1
6159,CONTAINER,175,170,0.0,0.0,0.0,34.8,8.69,0.0,1
6159,CONTAINER,176,171,0.0,0.0,0.0,34.8,8.7,0.0,1
6159,CONTAINER,177,172,0.0,0.0,0.0,34.8,8.7,0.0,1
6159,CONTAINER,178,173,0.0,0.0,0.0,34.9,8.7,0.0,1
6159,CONTAINER,179,174,0.0,0.0,0.0,34.9,8.7,0.0,1
6159,CONTAINER,180,175,0.0,0.0,0.0,34.9,8.7,0.0,1
6159,CONTAINER,181,176,0.0,0.0,0.0,34.9,8.7,0.0,1
6159,CONTAINER,182,177,0.0,0.0,0.0,34.9,8.7,0.0,1
6159,CONTAINER,183,178,0.0,0.0,0.0,35.0,8.7,0.0,1
6159,CONTAINER,184,179,0.0,0.0,0.0,35.0,8.7,0.0,1
6159,CONTAINER,185,180,0.0,0.0,0.0,35.0,8.7,0.0,1
6159,CONTAINER,186,181,0.0,0.0,0.0,35.0,8.7,0.0,1
6159,CONTAINER,187,182,0.0,0.0,0.0,35.0,8.7,0.0,1
6159,CONTAINER,188,183,0.0,0.0,0.0,35.1,8.7,0.0,1
6159,CONTAINER,189,184,0.0,0.0,0.0,35.1,8.7,0.0,1
6159,CONTAINER,190,185,0.0,0.0,0.0,35.1,8.7,0.0,1
6159,CONTAINER,191,186,0.0,0.0,0.0,35.1,8.7,0.0,1
6159,CONTAINER,192,187,0.0,0.0,0.0,35.1,8.7,0.0,1
6159,CONTAINER,193,188,0.0,0.0,0.0,35.1,8.7,0.0,1
6159,CONTAINER,194,189,0.0,0.0,0.0,35.1,8.69,0.0,1
6159,CONTAINER,195,190,0.0,0.0,0.0,35.2,8.69,0.0,1
6159,CONTAINER,196,191,0.0,0.0,0.0,35.2,8.69,0.0,1
6159,CONTAINER,197,192,0.0,0.0,0.0,35.2,8.69,0.0,1
6159,CONTAINER,198,193,0.0,0.0,0.0,35.2,8.69,0.0,1
6159,CONTAINER,199,194,0.0,0.0,0.0,35.2,8.69,0.0,1
6159,CONTAINER,200,195,0.0,0.0,0.0,35.2,8.69,0.0,1
6159,CONTAINER,201,196,0.0,0.0,0.0,35.3,8.69,0.0,1
6159,CONTAINER,202,197,0.0,0.0,0.0,35.3,8.69,0.0,1
6159,CONTAINER,203,198,0.0,0.0,0.0,35.3,8.69,0.0,1
6159,CONTAINER,204,199,0.0,0.0,0.0,35.3,8.69,0.0,1
6159,CONTAINER,205,200,0.0,0.0,0.0,35.3,8.69,0.0,1
6159,CONTAINER,206,201,0.0,0.0,0.0,35.4,8.68,0.0,1
6159,CONTAINER,207,202,0.0,0.0,0.0,35.4,8.68,0.0,1
6159,CONTAINER,208,203,0.0,0.0,0.0,35.4,8.68,0.0,1
6159,CONTAINER,209,204,0.0,0.0,0.0,35.4,8.68,0.0,1
6159,CONTAINER,210,205,0.0,0.0,0.0,35.4,8.68,0.0,1
6159,CONTAINER,211,206,0.0,0.0,0.0,35.4,8.68,0.0,1
6159,CONTAINER,212,207,0.0,0.0,0.0,35.4,8.67,0.0,1
6159,CONTAINER,213,208,0.0,0.0,0.0,35.5,8.67,0.0,1
6159,CONTAINER,214,209,0.0,0.0,0.0,35.5,8.68,0.0,1
6159,CONTAINER,215,210,0.0,0.0,0.0,35.5,8.68,0.0,1
6159,CONTAINER,216,211,0.0,0.0,0.0,35.5,8.68,0.0,1
6159,CONTAINER,217,212,0.0,0.0,0.0,35.5,8.68,0.0,1
6159,CONTAINER,218,213,0.0,0.0,0.0,35.5,8.67,0.0,1
6159,CONTAINER,219,214,0.0,0.0,0.0,35.6,8.64,0.0,1
6159,CONTAINER,220,215,0.0,0.0,0.0,35.6,8.64,0.0,1
6159,CONTAINER,221,216,0.0,0.0,0.0,35.6,8.64,0.0,1
6159,CONTAINER,222,217,0.0,0.0,0.0,35.6,8.64,0.0,1
6159,CONTAINER,223,218,0.0,0.0,0.0,35.6,8.65,0.0,1
6159,CONTAINER,224,219,0.0,0.0,0.0,35.6,8.65,0.0,1
6159,CONTAINER,225,220,0.0,0.0,0.0,35.6,8.65,0.0,1
6159,CONTAINER,226,221,0.0,0.0,0.0,35.7,8.65,0.0,1
6159,CONTAINER,227,222,0.0,0.0,0.0,35.7,8.65,0.0,1
6159,CONTAINER,228,223,0.0,0.0,0.0,35.7,8.65,0.0,1
6159,CONTAINER,229,224,0.0,0.0,0.0,35.7,8.65,0.0,1
6159,CONTAINER,230,225,0.0,0.0,0.0,35.7,8.65,0.0,1
6159,CONTAINER,231,226,0.0,0.0,0.0,35.7,8.65,0.0,1
6159,CONTAINER,232,227,0.0,0.0,0.0,35.8,8.65,0.0,1
6159,CONTAINER,233,228,0.0,0.0,0.0,35.8,8.64,0.0,1
6159,CONTAINER,234,229,0.0,0.0,0.0,35.8,8.64,0.0,1
6159,CONTAINER,235,230,0.0,0.0,0.0,35.8,8.64,0.0,1
6159,CONTAINER,236,231,0.0,0.0,0.0,35.8,8.64,0.0,1
6159,CONTAINER,237,232,0.0,0.0,0.0,35.8,8.64,0.0,1
6159,CONTAINER,238,233,0.0,0.0,0.0,35.9,8.64,0.0,1
6159,CONTAINER,239,234,0.0,0.0,0.0,35.9,8.65,0.0,1
6159,CONTAINER,240,235,0.0,0.0,0.0,35.9,8.64,0.0,1
6159,CONTAINER,241,236,0.0,0.0,0.0,35.9,8.64,0.0,1
6159,CONTAINER,242,237,0.0,0.0,0.0,35.9,8.64,0.0,1
6159,CONTAINER,243,238,0.0,0.0,0.0,35.9,8.63,0.0,1
6159,CONTAINER,244,239,0.0,0.0,0.0,36.0,8.63,0.0,1
6159,CONTAINER,245,240,0.0,0.0,0.0,36.0,8.64,0.0,1
6159,CONTAINER,246,241,0.0,0.0,0.0,36.0,8.63,0.0,1
6159,CONTAINER,247,242,0.0,0.0,0.0,36.0,8.64,0.0,1
6159,CONTAINER,248,243,0.0,0.0,0.0,36.0,8.64,0.0,1
6159,CONTAINER,249,244,0.0,0.0,0.0,36.0,8.63,0.0,1
6159,CONTAINER,250,245,0.0,0.0,0.0,36.1,8.63,0.0,1
6159,CONTAINER,251,246,0.0,0.0,0.0,36.1,8.63,0.0,1
6159,CONTAINER,252,247,0.0,0.0,0.0,36.1,8.63,0.0,1
6159,CONTAINER,253,248,0.0,0.0,0.0,36.1,8.63,0.0,1
6159,CONTAINER,254,249,0.0,0.0,0.0,36.1,8.63,0.0,1
6159,CONTAINER,255,250,0.0,0.0,0.0,36.1,8.63,0.0,1
6159,CONTAINER,256,251,0.0,0.0,0.0,36.2,8.63,0.0,1
6159,CONTAINER,257,252,0.0,0.0,0.0,36.2,8.63,0.0,1
6159,CONTAINER,258,253,0.0,0.0,0.0,36.2,8.63,0.0,1
6159,CONTAINER,259,254,0.0,0.0,0.0,36.2,8.63,0.0,1
6159,CONTAINER,260,255,0.0,0.0,0.0,36.2,8.63,0.0,1
6159,CONTAINER,261,256,0.0,0.0,0.0,36.2,8.63,0.0,1
6159,CONTAINER,262,257,0.0,0.0,0.0,36.3,8.63,0.0,1
6159,CONTAINER,263,258,0.0,0.0,0.0,36.3,8.62,0.0,1
6159,CONTAINER,264,259,0.0,0.0,0.0,36.3,8.62,0.0,1
6159,CONTAINER,265,260,0.0,0.0,0.0,36.3,8.62,0.0,1
6159,CONTAINER,266,261,0.0,0.0,0.0,36.3,8.63,0.0,1
6159,CONTAINER,267,262,0.0,0.0,0.0,36.3,8.62,0.0,1
6159,CONTAINER,268,263,0.0,0.0,0.0,36.4,8.62,0.0,1
6159,CONTAINER,269,264,0.0,0.0,0.0,36.4,8.62,0.0,1
6159,CONTAINER,270,265,0.0,0.0,0.0,36.4,8.62,0.0,1
6159,CONTAINER,271,266,0.0,0.0,0.0,36.4,8.62,0.0,1
6159,CONTAINER,272,267,0.0,0.0,0.0,36.4,8.62,0.0,1
6159,CONTAINER,273,268,0.0,0.0,0.0,36.4,8.62,0.0,1
6159,CONTAINER,274,269,0.0,0.0,0.0,36.5,8.62,0.0,1
6159,CONTAINER,275,270,0.0,0.0,0.0,36.5,8.62,0.0,1
6159,CONTAINER,276,271,0.0,0.0,0.0,36.5,8.62,0.0,1
6159,CONTAINER,277,272,0.0,0.0,0.0,36.5,8.62,0.0,1
6159,CONTAINER,278,273,0.0,0.0,0.0,36.5,8.62,0.0,1
6159,CONTAINER,279,274,0.0,0.0,0.0,36.5,8.62,0.0,1
6159,CONTAINER,280,275,0.0,0.0,0.0,36.6,8.61,0.0,1
6159,CONTAINER,281,276,0.0,0.0,0.0,36.6,8.62,0.0,1
6159,CONTAINER,282,277,0.0,0.0,0.0,36.6,8.61,0.0,1
6159,CONTAINER,283,278,0.0,0.0,0.0,36.6,8.61,0.0,1
6159,CONTAINER,284,279,0.0,0.0,0.0,36.6,8.61,0.0,1
6159,CONTAINER,285,280,0.0,0.0,0.0,36.6,8.6,0.0,1
6159,CONTAINER,286,281,0.0,0.0,0.0,36.6,8.6,0.0,1
6159,CONTAINER,287,282,0.0,0.0,0.0,36.7,8.6,0.0,1
6159,CONTAINER,288,283,0.0,0.0,0.0,36.7,8.6,0.0,1
6159,CONTAINER,289,284,0.0,0.0,0.0,36.7,8.6,0.0,1
6159,CONTAINER,290,285,0.0,0.0,0.0,36.7,8.6,0.0,1
6159,CONTAINER,291,286,0.0,0.0,0.0,36.7,8.6,0.0,1
6159,CONTAINER,292,287,0.0,0.0,0.0,36.7,8.6,0.0,1
6159,CONTAINER,293,288,0.0,0.0,0.0,36.8,8.61,0.0,1
6159,CONTAINER,294,289,0.0,0.0,0.0,36.8,8.61,0.0,1
6159,CONTAINER,295,290,0.0,0.0,0.0,36.8,8.61,0.0,1
6159,CONTAINER,296,291,0.0,0.0,0.0,36.8,8.6,0.0,1
6159,CONTAINER,297,292,0.0,0.0,0.0,36.8,8.6,0.0,1
6159,CONTAINER,298,293,0.0,0.0,0.0,36.8,8.6,0.0,1
6159,CONTAINER,299,294,0.0,0.0,0.0,36.8,8.6,0.0,1
6159,CONTAINER,300,295,0.0,0.0,0.0,36.9,8.59,0.0,1
6159,CONTAINER,301,296,0.0,0.0,0.0,36.9,8.59,0.0,1
6159,CONTAINER,302,297,0.0,0.0,0.0,36.9,8.59,0.0,1
6159,CONTAINER,303,298,0.0,0.0,0.0,36.9,8.6,0.0,1
6159,CONTAINER,304,299,0.0,0.0,0.0,36.9,8.6,0.0,1
6159,CONTAINER,305,300,0.0,0.0,0.0,36.9,8.6,0.0,1
6159,CONTAINER,306,301,0.0,0.0,0.0,37.0,8.6,0.0,1
6159,CONTAINER,307,302,0.0,0.0,0.0,37.0,8.6,0.0,1
6159,CONTAINER,308,303,0.0,0.0,0.0,37.0,8.6,0.0,1
6159,CONTAINER,309,304,0.0,0.0,0.0,37.0,8.6,0.0,1
6159,CONTAINER,310,305,0.0,0.0,0.0,37.0,8.59,0.0,1
6159,CONTAINER,311,306,0.0,0.0,0.0,37.0,8.59,0.0,1
6159,CONTAINER,312,307,0.0,0.0,0.0,37.0,8.6,0.0,1
6159,CONTAINER,313,308,0.0,0.0,0.0,37.1,8.6,0.0,1
6159,CONTAINER,314,309,0.0,0.0,0.0,37.1,8.59,0.0,1
6159,CONTAINER,315,310,0.0,0.0,0.0,37.1,8.59,0.0,1
6159,CONTAINER,316,311,0.0,0.0,0.0,37.1,8.59,0.0,1
6159,CONTAINER,317,312,0.0,0.0,0.0,37.1,8.59,0.0,1
6159,CONTAINER,318,313,0.0,0.0,0.0,37.1,8.59,0.0,1
6159,CONTAINER,319,314,0.0,0.0,0.0,37.2,8.59,0.0,1
6159,CONTAINER,320,315,0.0,0.0,0.0,37.2,8.59,0.0,1
6159,CONTAINER,321,316,0.0,0.0,0.0,37.2,8.59,0.0,1
6159,CONTAINER,322,317,0.0,0.0,0.0,37.2,8.59,0.0,1
6159,CONTAINER,323,318,0.0,0.0,0.0,37.2,8.58,0.0,1
6159,CONTAINER,324,319,0.0,0.0,0.0,37.2,8.59,0.0,1
6159,CONTAINER,325,320,0.0,0.0,0.0,37.2,8.59,0.0,1
6159,CONTAINER,326,321,0.0,0.0,0.0,37.2,8.58,0.0,1
6159,CONTAINER,327,322,0.0,0.0,0.0,37.3,8.58,0.0,1
6159,CONTAINER,328,323,0.0,0.0,0.0,37.3,8.58,0.0,1
6159,CONTAINER,329,324,0.0,0.0,0.0,37.3,8.58,0.0,1
6159,CONTAINER,330,325,0.0,0.0,0.0,37.3,8.58,0.0,1
6159,CONTAINER,331,326,0.0,0.0,0.0,37.3,8.58,0.0,1
6159,CONTAINER,332,327,0.0,0.0,0.0,37.3,8.58,0.0,1
6159,CONTAINER,333,328,0.0,0.0,0.0,37.3,8.58,0.0,1
6159,CONTAINER,334,329,0.0,0.0,0.0,37.3,8.58,0.0,1
6159,CONTAINER,335,330,0.0,0.0,0.0,37.4,8.58,0.0,1
6159,CONTAINER,336,331,0.0,0.0,0.0,37.4,8.58,0.0,1
6159,CONTAINER,337,332,0.0,0.0,0.0,37.4,8.57,0.0,1
6159,CONTAINER,338,333,0.0,0.0,0.0,37.4,8.57,0.0,1
6159,CONTAINER,339,334,0.0,0.0,0.0,37.4,8.57,0.0,1
6159,CONTAINER,340,335,0.0,0.0,0.0,37.4,8.57,0.0,1
6159,CONTAINER,341,336,0.0,0.0,0.0,37.4,8.57,0.0,1
6159,CONTAINER,342,337,0.0,0.0,0.0,37.5,8.57,0.0,1
6159,CONTAINER,343,338,0.0,0.0,0.0,37.5,8.57,0.0,1
6159,CONTAINER,344,339,0.0,0.0,0.0,37.5,8.57,0.0,1
6159,CONTAINER,345,340,0.0,0.0,0.0,37.5,8.57,0.0,1
6159,CONTAINER,346,341,0.0,0.0,0.0,37.5,8.56,0.0,1
6159,CONTAINER,347,342,0.0,0.0,0.0,37.5,8.57,0.0,1
6159,CONTAINER,348,343,0.0,0.0,0.0,37.5,8.57,0.0,1
6159,CONTAINER,349,344,0.0,0.0,0.0,37.5,8.57,0.0,1
6159,CONTAINER,350,345,0.0,0.0,0.0,37.6,8.57,0.0,1
6159,CONTAINER,351,346,0.0,0.0,0.0,37.6,8.57,0.0,1
6159,CONTAINER,352,347,0.0,0.0,0.0,37.6,8.57,0.0,1
6159,CONTAINER,353,348,0.0,0.0,0.0,37.6,8.57,0.0,1
6159,CONTAINER,354,349,0.0,0.0,0.0,37.6,8.56,0.0,1
6159,CONTAINER,355,350,0.0,0.0,0.0,37.6,8.56,0.0,1
6159,CONTAINER,356,351,0.0,0.0,0.0,37.6,8.56,0.0,1
6159,CONTAINER,357,352,0.0,0.0,0.0,37.7,8.56,0.0,1
6159,CONTAINER,358,353,0.0,0.0,0.0,37.7,8.56,0.0,1
6159,CONTAINER,359,354,0.0,0.0,0.0,37.7,8.56,0.0,1
6159,CONTAINER,360,355,0.0,0.0,0.0,37.7,8.56,0.0,1
6159,CONTAINER,361,356,0.0,0.0,0.0,37.7,8.56,0.0,1
6159,CONTAINER,362,357,0.0,0.0,0.0,37.7,8.56,0.0,1
6159,CONTAINER,363,358,0.0,0.0,0.0,37.7,8.56,0.0,1
6159,CONTAINER,364,359,0.0,0.0,0.0,37.7,8.56,0.0,1
6159,CONTAINER,365,360,0.0,0.0,0.0,37.8,8.56,0.0,1
6159,CONTAINER,366,361,0.0,0.0,0.0,37.8,8.56,0.0,1
6159,CONTAINER,367,362,0.0,0.0,0.0,37.8,8.56,0.0,1
6159,CONTAINER,368,363,0.0,0.0,0.0,37.8,8.56,0.0,1
6159,CONTAINER,369,364,0.0,0.0,0.0,37.8,8.56,0.0,1
6159,CONTAINER,370,365,0.0,0.0,0.0,37.8,8.55,0.0,1
6159,CONTAINER,371,366,0.0,0.0,0.0,37.8,8.55,0.0,1
6159,CONTAINER,372,367,0.0,0.0,0.0,37.8,8.56,0.0,1
6159,CONTAINER,373,368,0.0,0.0,0.0,37.8,8.55,0.0,1
6159,CONTAINER,374,369,0.0,0.0,0.0,37.9,8.55,0.0,1
6159,CONTAINER,375,370,0.0,0.0,0.0,37.9,8.55,0.0,1
6159,CONTAINER,376,371,0.0,0.0,0.0,37.9,8.55,0.0,1
6159,CONTAINER,377,372,0.0,0.0,0.0,37.9,8.55,0.0,1
6159,CONTAINER,378,373,0.0,0.0,0.0,37.9,8.55,0.0,1
6159,CONTAINER,379,374,0.0,0.0,0.0,37.9,8.55,0.0,1
6159,CONTAINER,380,375,0.0,0.0,0.0,37.9,8.55,0.0,1
6159,CONTAINER,381,376,0.0,0.0,0.0,37.9,8.55,0.0,1
6159,CONTAINER,382,377,0.0,0.0,0.0,37.9,8.55,0.0,1
6159,CONTAINER,383,378,0.0,0.0,0.0,37.9,8.55,0.0,1
6159,CONTAINER,384,379,0.0,0.0,0.0,38.0,8.54,0.0,1
6159,CONTAINER,385,380,0.0,0.0,0.0,38.0,8.54,0.0,1
6159,CONTAINER,386,381,0.0,0.0,0.0,38.0,8.54,0.0,1
6159,CONTAINER,387,382,0.0,0.0,0.0,38.0,8.54,0.0,1
6159,CONTAINER,388,383,0.0,0.0,0.0,38.0,8.54,0.0,1
6159,CONTAINER,389,384,0.0,0.0,0.0,38.0,8.54,0.0,1
6159,CONTAINER,390,385,0.0,0.0,0.0,38.0,8.54,0.0,1
6159,CONTAINER,391,386,0.0,0.0,0.0,38.0,8.54,0.0,1
6159,CONTAINER,392,387,0.0,0.0,0.0,38.0,8.54,0.0,1
6159,CONTAINER,393,388,0.0,0.0,0.0,38.1,8.54,0.0,1
6159,CONTAINER,394,389,0.0,0.0,0.0,38.1,8.54,0.0,1
6159,CONTAINER,395,390,0.0,0.0,0.0,38.1,8.54,0.0,1
6159,CONTAINER,396,391,0.0,0.0,0.0,38.1,8.54,0.0,1
6159,CONTAINER,397,392,0.0,0.0,0.0,38.1,8.54,0.0,1
6159,CONTAINER,398,393,0.0,0.0,0.0,38.1,8.54,0.0,1
6159,CONTAINER,399,394,0.0,0.0,0.0,38.1,8.54,0.0,1
6159,CONTAINER,400,395,0.0,0.0,0.0,38.1,8.53,0.0,1
6159,CONTAINER,401,396,0.0,0.0,0.0,38.1,8.53,0.0,1
6159,CONTAINER,402,397,0.0,0.0,0.0,38.2,8.53,0.0,1
6159,CONTAINER,403,398,0.0,0.0,0.0,38.2,8.53,0.0,1
6159,CONTAINER,404,399,0.0,0.0,0.0,38.2,8.53,0.0,1
6159,CONTAINER,405,400,0.0,0.0,0.0,38.2,8.53,0.0,1
6159,CONTAINER,406,401,0.0,0.0,0.0,38.2,8.53,0.0,1
6159,CONTAINER,407,402,0.0,0.0,0.0,38.2,8.53,0.0,1
6159,CONTAINER,408,403,0.0,0.0,0.0,38.2,8.53,0.0,1
6159,CONTAINER,409,404,0.0,0.0,0.0,38.2,8.53,0.0,1
6159,CONTAINER,410,405,0.0,0.0,0.0,38.2,8.53,0.0,1
6159,CONTAINER,411,406,0.0,0.0,0.0,38.2,8.53,0.0,1
6159,CONTAINER,412,407,0.0,0.0,0.0,38.3,8.53,0.0,1
6159,CONTAINER,413,408,0.0,0.0,0.0,38.3,8.53,0.0,1
6159,CONTAINER,414,409,0.0,0.0,0.0,38.3,8.53,0.0,1
6159,CONTAINER,415,410,0.0,0.0,0.0,38.3,8.52,0.0,1
6159,CONTAINER,416,411,0.0,0.0,0.0,38.3,8.52,0.0,1
6159,CONTAINER,417,412,0.0,0.0,0.0,38.3,8.52,0.0,1
6159,CONTAINER,418,413,0.0,0.0,0.0,38.3,8.52,0.0,1
6159,CONTAINER,419,414,0.0,0.0,0.0,38.3,8.52,0.0,1
6159,CONTAINER,420,415,0.0,0.0,0.0,38.3,8.52,0.0,1
6159,CONTAINER,421,416,0.0,0.0,0.0,38.3,8.52,0.0,1
6159,CONTAINER,422,417,0.0,0.0,0.0,38.3,8.52,0.0,1
6159,CONTAINER,423,418,0.0,0.0,0.0,38.3,8.52,0.0,1
6159,CONTAINER,424,419,0.0,0.0,0.0,38.4,8.52,0.0,1
6159,CONTAINER,425,420,0.0,0.0,0.0,38.4,8.52,0.0,1
6159,CONTAINER,426,421,0.0,0.0,0.0,38.4,8.52,0.0,1
6159,CONTAINER,427,422,0.0,0.0,0.0,38.4,8.52,0.0,1
6159,CONTAINER,428,423,0.0,0.0,0.0,38.4,8.52,0.0,1
6159,CONTAINER,429,424,0.0,0.0,0.0,38.4,8.52,0.0,1
6159,CONTAINER,430,425,0.0,0.0,0.0,38.4,8.51,0.0,1
6159,CONTAINER,431,426,0.0,0.0,0.0,38.4,8.52,0.0,1
6159,CONTAINER,432,427,0.0,0.0,0.0,38.4,8.51,0.0,1
6159,CONTAINER,433,428,0.0,0.0,0.0,38.4,8.51,0.0,1
6159,CONTAINER,434,429,0.0,0.0,0.0,38.4,8.51,0.0,1
6159,CONTAINER,435,430,0.0,0.0,0.0,38.5,8.51,0.0,1
6159,CONTAINER,436,431,0.0,0.0,0.0,38.5,8.51,0.0,1
6159,CONTAINER,437,432,0.0,0.0,0.0,38.5,8.51,0.0,1
6159,CONTAINER,438,433,0.0,0.0,0.0,38.5,8.51,0.0,1
6159,CONTAINER,439,434,0.0,0.0,0.0,38.5,8.51,0.0,1
6159,CONTAINER,440,435,0.0,0.0,0.0,38.5,8.51,0.0,1
6159,CONTAINER,441,436,0.0,0.0,0.0,38.5,8.51,0.0,1
6159,CONTAINER,442,437,0.0,0.0,0.0,38.5,8.51,0.0,1
6159,CONTAINER,443,438,0.0,0.0,0.0,38.5,8.51,0.0,1
6159,CONTAINER,444,439,0.0,0.0,0.0,38.5,8.51,0.0,1
6159,CONTAINER,445,440,0.0,0.0,0.0,38.5,8.51,0.0,1
6159,CONTAINER,446,441,0.0,0.0,0.0,38.5,8.5,0.0,1
6159,CONTAINER,447,442,0.0,0.0,0.0,38.5,8.5,0.0,1
6159,CONTAINER,448,443,0.0,0.0,0.0,38.6,8.5,0.0,1
6159,CONTAINER,449,444,0.0,0.0,0.0,38.6,8.5,0.0,1
6159,CONTAINER,450,445,0.0,0.0,0.0,38.6,8.5,0.0,1
6159,CONTAINER,451,446,0.0,0.0,0.0,38.6,8.5,0.0,1
6159,CONTAINER,452,447,0.0,0.0,0.0,38.6,8.5,0.0,1
6159,CONTAINER,453,448,0.0,0.0,0.0,38.6,8.5,0.0,1
6159,CONTAINER,454,449,0.0,0.0,0.0,38.6,8.5,0.0,1
6159,CONTAINER,455,450,0.0,0.0,0.0,38.6,8.5,0.0,1
6159,CONTAINER,456,451,0.0,0.0,0.0,38.6,8.5,0.0,1
6159,CONTAINER,457,452,0.0,0.0,0.0,38.6,8.5,0.0,1
6159,CONTAINER,458,453,0.0,0.0,0.0,38.6,8.5,0.0,1
6159,CONTAINER,459,454,0.0,0.0,0.0,38.6,8.5,0.0,1
6159,CONTAINER,460,455,0.0,0.0,0.0,38.7,8.5,0.0,1
6159,CONTAINER,461,456,0.0,0.0,0.0,38.7,8.5,0.0,1
6159,CONTAINER,462,457,0.0,0.0,0.0,38.7,8.5,0.0,1
6159,CONTAINER,463,458,0.0,0.0,0.0,38.7,8.5,0.0,1
6159,CONTAINER,464,459,0.0,0.0,0.0,38.7,8.49,0.0,1
6159,CONTAINER,465,460,0.0,0.0,0.0,38.7,8.49,0.0,1
6159,CONTAINER,466,461,0.0,0.0,0.0,38.7,8.49,0.0,1
6159,CONTAINER,467,462,0.0,0.0,0.0,38.7,8.49,0.0,1
6159,CONTAINER,468,463,0.0,0.0,0.0,38.7,8.49,0.0,1
6159,CONTAINER,469,464,0.0,0.0,0.0,38.7,8.49,0.0,1
6159,CONTAINER,470,465,0.0,0.0,0.0,38.7,8.49,0.0,1
6159,CONTAINER,471,466,0.0,0.0,0.0,38.7,8.49,0.0,1
6159,CONTAINER,472,467,0.0,0.0,0.0,38.7,8.49,0.0,1
6159,CONTAINER,473,468,0.0,0.0,0.0,38.7,8.49,0.0,1
6159,CONTAINER,474,469,0.0,0.0,0.0,38.7,8.49,0.0,1
6159,CONTAINER,475,470,0.0,0.0,0.0,38.8,8.49,0.0,1
6159,CONTAINER,476,471,0.0,0.0,0.0,38.8,8.48,0.0,1
6159,CONTAINER,477,472,0.0,0.0,0.0,38.8,8.48,0.0,1
6159,CONTAINER,478,473,0.0,0.0,0.0,38.8,8.48,0.0,1
6159,CONTAINER,479,474,0.0,0.0,0.0,38.8,8.48,0.0,1
6159,CONTAINER,480,475,0.0,0.0,0.0,38.8,8.48,0.0,1
6159,CONTAINER,481,476,0.0,0.0,0.0,38.8,8.48,0.0,1
6159,CONTAINER,482,477,0.0,0.0,0.0,38.8,8.48,0.0,1
6159,CONTAINER,483,478,0.0,0.0,0.0,38.8,8.48,0.0,1
6159,CONTAINER,484,479,0.0,0.0,0.0,38.8,8.48,0.0,1
6159,CONTAINER,485,480,0.0,0.0,0.0,38.8,8.48,0.0,1
6159,CONTAINER,486,481,0.0,0.0,0.0,38.8,8.48,0.0,1
6159,CONTAINER,487,482,0.0,0.0,0.0,38.8,8.48,0.0,1
6159,CONTAINER,488,483,0.0,0.0,0.0,38.8,8.48,0.0,1
6159,CONTAINER,489,484,0.0,0.0,0.0,38.9,8.48,0.0,1
6159,CONTAINER,490,485,0.0,0.0,0.0,38.9,8.48,0.0,1
6159,CONTAINER,491,486,0.0,0.0,0.0,38.9,8.48,0.0,1
6159,CONTAINER,492,487,0.0,0.0,0.0,38.9,8.48,0.0,1
6159,CONTAINER,493,488,0.0,0.0,0.0,38.9,8.48,0.0,1
6159,CONTAINER,494,489,0.0,0.0,0.0,38.9,8.48,0.0,1
6159,CONTAINER,495,490,0.0,0.0,0.0,38.9,8.48,0.0,1
6159,CONTAINER,496,491,0.0,0.0,0.0,38.9,8.48,0.0,1
6159,CONTAINER,497,492,0.0,0.0,0.0,38.9,8.48,0.0,1
6159,CONTAINER,498,493,0.0,0.0,0.0,38.9,8.48,0.0,1
6159,CONTAINER,499,494,0.0,0.0,0.0,38.9,8.48,0.0,1
6159,CONTAINER,500,495,0.0,0.0,0.0,38.9,8.48,0.0,1
6159,CONTAINER,501,496,0.0,0.0,0.0,38.9,8.48,0.0,1
6159,CONTAINER,502,497,0.0,0.0,0.0,38.9,8.48,0.0,1
6159,CONTAINER,503,498,0.0,0.0,0.0,38.9,8.48,0.0,1
6159,CONTAINER,504,499,0.0,0.0,0.0,38.9,8.48,0.0,1
6159,CONTAINER,505,500,0.0,0.0,0.0,39.0,8.48,0.0,1
6159,CONTAINER,506,501,0.0,0.0,0.0,39.0,8.48,0.0,1
6159,CONTAINER,507,502,0.0,0.0,0.0,39.0,8.48,0.0,1
6159,CONTAINER,508,503,0.0,0.0,0.0,39.0,8.48,0.0,1
6159,CONTAINER,509,504,0.0,0.0,0.0,39.0,8.48,0.0,1
6159,CONTAINER,510,505,0.0,0.0,0.0,39.0,8.48,0.0,1
6159,CONTAINER,511,506,0.0,0.0,0.0,39.0,8.48,0.0,1
6159,CONTAINER,512,507,0.0,0.0,0.0,39.0,8.48,0.0,1
6159,CONTAINER,513,508,0.0,0.0,0.0,39.0,8.48,0.0,1
6159,CONTAINER,514,509,0.0,0.0,0.0,39.0,8.48,0.0,1
6159,CONTAINER,515,510,0.0,0.0,0.0,39.0,8.48,0.0,1
6159,CONTAINER,516,511,0.0,0.0,0.0,39.0,8.48,0.0,1
6159,CONTAINER,517,512,0.0,0.0,0.0,39.0,8.48,0.0,1
6159,CONTAINER,518,513,0.0,0.0,0.0,39.0,8.48,0.0,1
6159,CONTAINER,519,514,0.0,0.0,0.0,39.0,8.47,0.0,1
6159,CONTAINER,520,515,0.0,0.0,0.0,39.0,8.47,0.0,1
6159,CONTAINER,521,516,0.0,0.0,0.0,39.0,8.47,0.0,1
6159,CONTAINER,522,517,0.0,0.0,0.0,39.1,8.47,0.0,1
6159,CONTAINER,523,518,0.0,0.0,0.0,39.0,8.47,0.0,1
6159,CONTAINER,524,519,0.0,0.0,0.0,39.1,8.47,0.0,1
6159,CONTAINER,525,520,0.0,0.0,0.0,39.1,8.47,0.0,1
6159,CONTAINER,526,521,0.0,0.0,0.0,39.1,8.47,0.0,1
6159,CONTAINER,527,522,0.0,0.0,0.0,39.1,8.47,0.0,1
6159,CONTAINER,528,523,0.0,0.0,0.0,39.1,8.47,0.0,1
6159,CONTAINER,529,524,0.0,0.0,0.0,39.1,8.47,0.0,1
6159,CONTAINER,530,525,0.0,0.0,0.0,39.1,8.47,0.0,1
6159,CONTAINER,531,526,0.0,0.0,0.0,39.1,8.47,0.0,1
6159,CONTAINER,532,527,0.0,0.0,0.0,39.1,8.47,0.0,1
6159,CONTAINER,533,528,0.0,0.0,0.0,39.1,8.47,0.0,1
6159,CONTAINER,534,529,0.0,0.0,0.0,39.1,8.47,0.0,1
6159,CONTAINER,535,530,0.0,0.0,0.0,39.1,8.47,0.0,1
6159,CONTAINER,536,531,0.0,0.0,0.0,39.1,8.46,0.0,1
6159,CONTAINER,537,532,0.0,0.0,0.0,39.1,8.47,0.0,1
6159,CONTAINER,538,533,0.0,0.0,0.0,39.2,8.46,0.0,1
6159,CONTAINER,539,534,0.0,0.0,0.0,39.2,8.46,0.0,1
6159,CONTAINER,540,535,0.0,0.0,0.0,39.2,8.46,0.0,1
6159,CONTAINER,541,536,0.0,0.0,0.0,39.1,8.46,0.0,1
6159,CONTAINER,542,537,0.0,0.0,0.0,39.2,8.46,0.0,1
6159,CONTAINER,543,538,0.0,0.0,0.0,39.2,8.46,0.0,1
6159,CONTAINER,544,539,0.0,0.0,0.0,39.2,8.46,0.0,1
6159,CONTAINER,545,540,0.0,0.0,0.0,39.2,8.46,0.0,1
6159,CONTAINER,546,541,0.0,0.0,0.0,39.2,8.46,0.0,1
6159,CONTAINER,547,542,0.0,0.0,0.0,39.2,8.46,0.0,1
6159,CONTAINER,548,543,0.0,0.0,0.0,39.2,8.46,0.0,1
6159,CONTAINER,549,544,0.0,0.0,0.0,39.2,8.46,0.0,1
6159,CONTAINER,550,545,0.0,0.0,0.0,39.2,8.46,0.0,1
6159,CONTAINER,551,546,0.0,0.0,0.0,39.2,8.46,0.0,1
6159,CONTAINER,552,547,0.0,0.0,0.0,39.2,8.46,0.0,1
6159,CONTAINER,553,548,0.0,0.0,0.0,39.2,8.45,0.0,1
6159,CONTAINER,554,549,0.0,0.0,0.0,39.2,8.45,0.0,1
6159,CONTAINER,555,550,0.0,0.0,0.0,39.2,8.45,0.0,1
6159,CONTAINER,556,551,0.0,0.0,0.0,39.2,8.45,0.0,1
6159,CONTAINER,557,552,0.0,0.0,0.0,39.2,8.45,0.0,1
6159,CONTAINER,558,553,0.0,0.0,0.0,39.3,8.45,0.0,1
6159,CONTAINER,559,554,0.0,0.0,0.0,39.3,8.45,0.0,1
6159,CONTAINER,560,555,0.0,0.0,0.0,39.3,8.45,0.0,1
6159,CONTAINER,561,556,0.0,0.0,0.0,39.3,8.45,0.0,1
6159,CONTAINER,562,557,0.0,0.0,0.0,39.3,8.45,0.0,1
6159,CONTAINER,563,558,0.0,0.0,0.0,39.3,8.45,0.0,1
6159,CONTAINER,564,559,0.0,0.0,0.0,39.3,8.45,0.0,1
6159,CONTAINER,565,560,0.0,0.0,0.0,39.3,8.45,0.0,1
6159,CONTAINER,566,561,0.0,0.0,0.0,39.3,8.45,0.0,1
6159,CONTAINER,567,562,0.0,0.0,0.0,39.3,8.45,0.0,1
6159,CONTAINER,568,563,0.0,0.0,0.0,39.3,8.45,0.0,1
6159,CONTAINER,569,564,0.0,0.0,0.0,39.3,8.44,0.0,1
6159,CONTAINER,570,565,0.0,0.0,0.0,39.3,8.44,0.0,1
6159,CONTAINER,571,566,0.0,0.0,0.0,39.3,8.44,0.0,1
6159,CONTAINER,572,567,0.0,0.0,0.0,39.3,8.44,0.0,1
6159,CONTAINER,573,568,0.0,0.0,0.0,39.3,8.44,0.0,1
6159,CONTAINER,574,569,0.0,0.0,0.0,39.3,8.43,0.0,1
6159,CONTAINER,575,570,0.0,0.0,0.0,39.3,8.44,0.0,1
6159,CONTAINER,576,571,0.0,0.0,0.0,39.3,8.44,0.0,1
6159,CONTAINER,577,572,0.0,0.0,0.0,39.3,8.44,0.0,1
6159,CONTAINER,578,573,0.0,0.0,0.0,39.3,8.44,0.0,1
6159,CONTAINER,579,574,0.0,0.0,0.0,39.3,8.44,0.0,1
6159,CONTAINER,580,575,0.0,0.0,0.0,39.4,8.44,0.0,1
6159,CONTAINER,581,576,0.0,0.0,0.0,39.4,8.44,0.0,1
6159,CONTAINER,582,577,0.0,0.0,0.0,39.4,8.44,0.0,1
6159,CONTAINER,583,578,0.0,0.0,0.0,39.4,8.44,0.0,1
6159,CONTAINER,584,579,0.0,0.0,0.0,39.4,8.44,0.0,1
6159,CONTAINER,585,580,0.0,0.0,0.0,39.4,8.44,0.0,1
6159,CONTAINER,586,581,0.0,0.0,0.0,39.4,8.43,0.0,1
6159,CONTAINER,587,582,0.0,0.0,0.0,39.4,8.43,0.0,1
6159,CONTAINER,588,583,0.0,0.0,0.0,39.4,8.43,0.0,1
6159,CONTAINER,589,584,0.0,0.0,0.0,39.4,8.43,0.0,1
6159,CONTAINER,590,585,0.0,0.0,0.0,39.4,8.43,0.0,1
6159,CONTAINER,591,586,0.0,0.0,0.0,39.4,8.43,0.0,1
6159,CONTAINER,592,587,0.0,0.0,0.0,39.4,8.43,0.0,1
6159,CONTAINER,593,588,0.0,0.0,0.0,39.4,8.43,0.0,1
6159,CONTAINER,594,589,0.0,0.0,0.0,39.4,8.43,0.0,1
6159,CONTAINER,595,590,0.0,0.0,0.0,39.4,8.43,0.0,1
6159,CONTAINER,596,591,0.0,0.0,0.0,39.4,8.43,0.0,1
6159,CONTAINER,597,592,0.0,0.0,0.0,39.4,8.43,0.0,1
6159,CONTAINER,598,593,0.0,0.0,0.0,39.4,8.43,0.0,1
6159,CONTAINER,599,594,0.0,0.0,0.0,39.4,8.43,0.0,1
6159,CONTAINER,600,595,0.0,0.0,0.0,39.4,8.02,0.0,1
6159,CONTAINER,601,596,0.0,0.0,0.0,39.4,8.43,0.0,1
6159,CONTAINER,602,597,0.0,0.0,0.0,39.4,8.43,0.0,1
6159,CONTAINER,603,598,0.0,0.0,0.0,39.4,8.43,0.0,1
6159,CONTAINER,604,599,0.0,0.0,0.0,39.4,8.43,0.0,1
6159,CONTAINER,605,600,0.0,0.0,0.0,39.5,8.43,0.0,1
6159,CONTAINER,606,601,0.0,0.0,0.0,39.5,8.43,0.0,1
6159,CONTAINER,607,602,0.0,0.0,0.0,39.5,8.43,0.0,1
6159,CONTAINER,608,603,0.0,0.0,0.0,39.5,8.42,0.0,1
6159,CONTAINER,609,604,0.0,0.0,0.0,39.5,8.42,0.0,1
6159,CONTAINER,610,605,0.0,0.0,0.0,39.5,8.42,0.0,1
6159,CONTAINER,611,606,0.0,0.0,0.0,39.5,8.42,0.0,1
6159,CONTAINER,612,607,0.0,0.0,0.0,39.5,8.42,0.0,1
6159,CONTAINER,613,608,0.0,0.0,0.0,39.5,8.42,0.0,1
6159,CONTAINER,614,609,0.0,0.0,0.0,39.5,8.42,0.0,1
6159,CONTAINER,615,610,0.0,0.0,0.0,39.5,8.42,0.0,1
6159,CONTAINER,616,611,0.0,0.0,0.0,39.5,8.42,0.0,1
6159,CONTAINER,617,612,0.0,0.0,0.0,39.5,8.42,0.0,1
6159,CONTAINER,618,613,0.0,0.0,0.0,39.5,8.42,0.0,1
6159,CONTAINER,619,614,0.0,0.0,0.0,39.5,8.42,0.0,1
6159,CONTAINER,620,615,0.0,0.0,0.0,39.5,8.42,0.0,1
6159,CONTAINER,621,616,0.0,0.0,0.0,39.5,8.42,0.0,1
6159,CONTAINER,622,617,0.0,0.0,0.0,39.5,8.42,0.0,1
6159,CONTAINER,623,618,0.0,0.0,0.0,39.5,8.42,0.0,1
6159,CONTAINER,624,619,0.0,0.0,0.0,39.5,8.42,0.0,1
6159,CONTAINER,625,620,0.0,0.0,0.0,39.5,8.42,0.0,1
6159,CONTAINER,626,621,0.0,0.0,0.0,39.5,8.42,0.0,1
6159,CONTAINER,627,622,0.0,0.0,0.0,39.5,8.42,0.0,1
6159,CONTAINER,628,623,0.0,0.0,0.0,39.6,8.41,0.0,1
6159,CONTAINER,629,624,0.0,0.0,0.0,39.6,8.41,0.0,1
6159,CONTAINER,630,625,0.0,0.0,0.0,39.6,8.41,0.0,1
6159,CONTAINER,631,626,0.0,0.0,0.0,39.6,8.41,0.0,1
6159,CONTAINER,632,627,0.0,0.0,0.0,39.6,8.41,0.0,1
6159,CONTAINER,633,628,0.0,0.0,0.0,39.6,8.41,0.0,1
6159,CONTAINER,634,629,0.0,0.0,0.0,39.6,8.41,0.0,1
6159,CONTAINER,635,630,0.0,0.0,0.0,39.6,8.41,0.0,1
6159,CONTAINER,636,631,0.0,0.0,0.0,39.6,8.41,0.0,1
6159,CONTAINER,637,632,0.0,0.0,0.0,39.6,8.41,0.0,1
6159,CONTAINER,638,633,0.0,0.0,0.0,39.6,8.41,0.0,1
6159,CONTAINER,639,634,0.0,0.0,0.0,39.6,8.41,0.0,1
6159,CONTAINER,640,635,0.0,0.0,0.0,39.6,8.41,0.0,1
6159,CONTAINER,641,636,0.0,0.0,0.0,39.6,8.41,0.0,1
6159,CONTAINER,642,637,0.0,0.0,0.0,39.6,8.41,0.0,1
6159,CONTAINER,643,638,0.0,0.0,0.0,39.6,8.41,0.0,1
6159,CONTAINER,644,639,0.0,0.0,0.0,39.6,8.41,0.0,1
6159,CONTAINER,645,640,0.0,0.0,0.0,39.6,8.41,0.0,1
6159,CONTAINER,646,641,0.0,0.0,0.0,39.6,8.41,0.0,1
6159,CONTAINER,647,642,0.0,0.0,0.0,39.6,8.41,0.0,1
6159,CONTAINER,648,643,0.0,0.0,0.0,39.6,8.4,0.0,1
6159,CONTAINER,649,644,0.0,0.0,0.0,39.6,8.4,0.0,1
6159,CONTAINER,650,645,0.0,0.0,0.0,39.6,8.4,0.0,1
6159,CONTAINER,651,646,0.0,0.0,0.0,39.6,8.4,0.0,1
6159,CONTAINER,652,647,0.0,0.0,0.0,39.6,8.4,0.0,1
6159,CONTAINER,653,648,0.0,0.0,0.0,39.6,8.4,0.0,1
6159,CONTAINER,654,649,0.0,0.0,0.0,39.6,8.4,0.0,1
6159,CONTAINER,655,650,0.0,0.0,0.0,39.6,8.4,0.0,1
6159,CONTAINER,656,651,0.0,0.0,0.0,39.7,8.4,0.0,1
6159,CONTAINER,657,652,0.0,0.0,0.0,39.6,8.4,0.0,1
6159,CONTAINER,658,653,0.0,0.0,0.0,39.6,8.4,0.0,1
6159,CONTAINER,659,654,0.0,0.0,0.0,39.6,8.4,0.0,1
6159,CONTAINER,660,655,0.0,0.0,0.0,39.6,8.39,0.0,1
6159,CONTAINER,661,656,0.0,0.0,0.0,39.6,8.39,0.0,1
6159,CONTAINER,662,657,0.0,0.0,0.0,39.7,8.39,0.0,1
6159,CONTAINER,663,658,0.0,0.0,0.0,39.7,8.39,0.0,1
6159,CONTAINER,664,659,0.0,0.0,0.0,39.7,8.39,0.0,1
6159,CONTAINER,665,660,0.0,0.0,0.0,39.7,8.39,0.0,1
6159,CONTAINER,666,661,0.0,0.0,0.0,39.7,8.39,0.0,1
6159,CONTAINER,667,662,0.0,0.0,0.0,39.7,8.39,0.0,1
6159,CONTAINER,668,663,0.0,0.0,0.0,39.7,8.39,0.0,1
6159,CONTAINER,669,664,0.0,0.0,0.0,39.7,8.39,0.0,1
6159,CONTAINER,670,665,0.0,0.0,0.0,39.7,8.39,0.0,1
6159,CONTAINER,671,666,0.0,0.0,0.0,39.7,8.39,0.0,1
6159,CONTAINER,672,667,0.0,0.0,0.0,39.7,8.39,0.0,1
6159,CONTAINER,673,668,0.0,0.0,0.0,39.7,8.39,0.0,1
6159,CONTAINER,674,669,0.0,0.0,0.0,39.7,8.39,0.0,1
6159,CONTAINER,675,670,0.0,0.0,0.0,39.7,8.39,0.0,1
6159,CONTAINER,676,671,0.0,0.0,0.0,39.7,8.39,0.0,1
6159,CONTAINER,677,672,0.0,0.0,0.0,39.7,8.38,0.0,1
6159,CONTAINER,678,673,0.0,0.0,0.0,39.7,8.39,0.0,1
6159,CONTAINER,679,674,0.0,0.0,0.0,39.7,8.39,0.0,1
6159,CONTAINER,680,675,0.0,0.0,0.0,39.7,8.39,0.0,1
6159,CONTAINER,681,676,0.0,0.0,0.0,39.7,8.39,0.0,1
6159,CONTAINER,682,677,0.0,0.0,0.0,39.7,8.39,0.0,1
6159,CONTAINER,683,678,0.0,0.0,0.0,39.7,8.39,0.0,1
6159,CONTAINER,684,679,0.0,0.0,0.0,39.7,8.39,0.0,1
6159,CONTAINER,685,680,0.0,0.0,0.0,39.7,8.39,0.0,1
6159,CONTAINER,686,681,0.0,0.0,0.0,39.7,8.39,0.0,1
6159,CONTAINER,687,682,0.0,0.0,0.0,39.7,8.39,0.0,1
6159,CONTAINER,688,683,0.0,0.0,0.0,39.7,8.39,0.0,1
6159,CONTAINER,689,684,0.0,0.0,0.0,39.7,8.39,0.0,1
6159,CONTAINER,690,685,0.0,0.0,0.0,39.7,8.39,0.0,1
6159,CONTAINER,691,686,0.0,0.0,0.0,39.7,8.39,0.0,1
6159,CONTAINER,692,687,0.0,0.0,0.0,39.7,8.38,0.0,1
6159,CONTAINER,693,688,0.0,0.0,0.0,39.7,8.38,0.0,1
6159,CONTAINER,694,689,0.0,0.0,0.0,39.7,8.38,0.0,1
6159,CONTAINER,695,690,0.0,0.0,0.0,39.7,8.38,0.0,1
6159,CONTAINER,696,691,0.0,0.0,0.0,39.7,8.38,0.0,1
6159,CONTAINER,697,692,0.0,0.0,0.0,39.7,8.38,0.0,1
6159,CONTAINER,698,693,0.0,0.0,0.0,39.8,8.38,0.0,1
6159,CONTAINER,699,694,0.0,0.0,0.0,39.8,8.38,0.0,1
6159,CONTAINER,700,695,0.0,0.0,0.0,39.8,8.38,0.0,1
6159,CONTAINER,701,696,0.0,0.0,0.0,39.7,8.38,0.0,1
6159,CONTAINER,702,697,0.0,0.0,0.0,39.8,8.38,0.0,1
6159,CONTAINER,703,698,0.0,0.0,0.0,39.8,8.38,0.0,1
6159,CONTAINER,704,699,0.0,0.0,0.0,39.8,8.37,0.0,1
6159,CONTAINER,705,700,0.0,0.0,0.0,39.8,8.37,0.0,1
6159,CONTAINER,706,701,0.0,0.0,0.0,39.8,8.37,0.0,1
6159,CONTAINER,707,702,0.0,0.0,0.0,39.8,8.37,0.0,1
6159,CONTAINER,708,703,0.0,0.0,0.0,39.8,8.37,0.0,1
6159,CONTAINER,709,704,0.0,0.0,0.0,39.8,8.37,0.0,1
6159,CONTAINER,710,705,0.0,0.0,0.0,39.8,8.37,0.0,1
6159,CONTAINER,711,706,0.0,0.0,0.0,39.8,8.37,0.0,1
6159,CONTAINER,712,707,0.0,0.0,0.0,39.8,8.37,0.0,1
6159,CONTAINER,713,708,0.0,0.0,0.0,39.8,8.37,0.0,1
6159,CONTAINER,714,709,0.0,0.0,0.0,39.8,8.37,0.0,1
6159,CONTAINER,715,710,0.0,0.0,0.0,39.8,8.37,0.0,1
6159,CONTAINER,716,711,0.0,0.0,0.0,39.8,8.37,0.0,1
6159,CONTAINER,717,712,0.0,0.0,0.0,39.8,8.37,0.0,1
6159,CONTAINER,718,713,0.0,0.0,0.0,39.8,8.37,0.0,1
6159,CONTAINER,719,714,0.0,0.0,0.0,39.8,8.37,0.0,1
6159,CONTAINER,720,715,0.0,0.0,0.0,39.8,8.37,0.0,1
6159,CONTAINER,721,716,0.0,0.0,0.0,39.8,8.37,0.0,1
6159,CONTAINER,722,717,0.0,0.0,0.0,39.8,8.37,0.0,1
6159,CONTAINER,723,718,0.0,0.0,0.0,39.8,8.37,0.0,1
6159,CONTAINER,724,719,0.0,0.0,0.0,39.8,8.37,0.0,1
6159,CONTAINER,725,720,0.0,0.0,0.0,39.8,8.36,0.0,1
6159,CONTAINER,726,721,0.0,0.0,0.0,39.8,8.36,0.0,1
6159,CONTAINER,727,722,0.0,0.0,0.0,39.8,8.36,0.0,1
6159,CONTAINER,728,723,0.0,0.0,0.0,39.8,8.36,0.0,1
6159,CONTAINER,729,724,0.0,0.0,0.0,39.8,8.36,0.0,1
6159,CONTAINER,730,725,0.0,0.0,0.0,39.8,8.36,0.0,1
6159,CONTAINER,731,726,0.0,0.0,0.0,39.8,8.36,0.0,1
6159,CONTAINER,732,727,0.0,0.0,0.0,39.8,8.36,0.0,1
6159,CONTAINER,733,728,0.0,0.0,0.0,39.8,8.36,0.0,1
6159,CONTAINER,734,729,0.0,0.0,0.0,39.8,8.35,0.0,1
6159,CONTAINER,735,730,0.0,0.0,0.0,39.8,8.36,0.0,1
6159,CONTAINER,736,731,0.0,0.0,0.0,39.8,8.35,0.0,1
6159,CONTAINER,737,732,0.0,0.0,0.0,39.8,8.35,0.0,1
6159,CONTAINER,738,733,0.0,0.0,0.0,39.8,8.35,0.0,1
6159,CONTAINER,739,734,0.0,0.0,0.0,39.8,8.35,0.0,1
6159,CONTAINER,740,735,0.0,0.0,0.0,39.8,8.35,0.0,1
6159,CONTAINER,741,736,0.0,0.0,0.0,39.8,8.35,0.0,1
6159,CONTAINER,742,737,0.0,0.0,0.0,39.9,8.35,0.0,1
6159,CONTAINER,743,738,0.0,0.0,0.0,39.8,8.35,0.0,1
6159,CONTAINER,744,739,0.0,0.0,0.0,39.9,8.35,0.0,1
6159,CONTAINER,745,740,0.0,0.0,0.0,39.9,8.35,0.0,1
6159,CONTAINER,746,741,0.0,0.0,0.0,39.9,8.35,0.0,1
6159,CONTAINER,747,742,0.0,0.0,0.0,39.9,8.35,0.0,1
6159,CONTAINER,748,743,0.0,0.0,0.0,39.9,8.35,0.0,1
6159,CONTAINER,749,744,0.0,0.0,0.0,39.9,8.35,0.0,1
6159,CONTAINER,750,745,0.0,0.0,0.0,39.9,8.35,0.0,1
6159,CONTAINER,751,746,0.0,0.0,0.0,39.9,8.35,0.0,1
6159,CONTAINER,752,747,0.0,0.0,0.0,39.9,8.35,0.0,1
6159,CONTAINER,753,748,0.0,0.0,0.0,39.9,8.34,0.0,1
6159,CONTAINER,754,749,0.0,0.0,0.0,39.9,8.35,0.0,1
6159,CONTAINER,755,750,0.0,0.0,0.0,39.9,8.35,0.0,1
6159,CONTAINER,756,751,0.0,0.0,0.0,39.9,8.35,0.0,1
6159,CONTAINER,757,752,0.0,0.0,0.0,39.9,8.35,0.0,1
6159,CONTAINER,758,753,0.0,0.0,0.0,39.9,8.35,0.0,1
6159,CONTAINER,759,754,0.0,0.0,0.0,39.9,8.35,0.0,1
6159,CONTAINER,760,755,0.0,0.0,0.0,39.9,8.35,0.0,1
6159,CONTAINER,761,756,0.0,0.0,0.0,39.9,8.34,0.0,1
6159,CONTAINER,762,757,0.0,0.0,0.0,39.9,8.35,0.0,1
6159,CONTAINER,763,758,0.0,0.0,0.0,39.9,8.34,0.0,1
6159,CONTAINER,764,759,0.0,0.0,0.0,39.9,8.35,0.0,1
6159,CONTAINER,765,760,0.0,0.0,0.0,39.9,8.34,0.0,1
6159,CONTAINER,766,761,0.0,0.0,0.0,39.9,8.34,0.0,1
6159,CONTAINER,767,762,0.0,0.0,0.0,39.9,8.34,0.0,1
6159,CONTAINER,768,763,0.0,0.0,0.0,39.9,8.34,0.0,1
6159,CONTAINER,769,764,0.0,0.0,0.0,39.9,8.34,0.0,1
6159,CONTAINER,770,765,0.0,0.0,0.0,39.9,8.34,0.0,1
6159,CONTAINER,771,766,0.0,0.0,0.0,39.9,8.34,0.0,1
6159,CONTAINER,772,767,0.0,0.0,0.0,39.9,8.34,0.0,1
6159,CONTAINER,773,768,0.0,0.0,0.0,39.9,8.34,0.0,1
6159,CONTAINER,774,769,0.0,0.0,0.0,39.9,8.34,0.0,1
6159,CONTAINER,775,770,0.0,0.0,0.0,39.9,8.34,0.0,1
6159,CONTAINER,776,771,0.0,0.0,0.0,39.9,8.34,0.0,1
6159,CONTAINER,777,772,0.0,0.0,0.0,39.9,8.34,0.0,1
6159,CONTAINER,778,773,0.0,0.0,0.0,39.9,8.34,0.0,1
6159,CONTAINER,779,774,0.0,0.0,0.0,39.9,8.34,0.0,1
6159,CONTAINER,780,775,0.0,0.0,0.0,39.9,8.34,0.0,1
6159,CONTAINER,781,776,0.0,0.0,0.0,39.9,8.34,0.0,1
6159,CONTAINER,782,777,0.0,0.0,0.0,39.9,8.34,0.0,1
6159,CONTAINER,783,778,0.0,0.0,0.0,39.9,8.34,0.0,1
6159,CONTAINER,784,779,0.0,0.0,0.0,39.9,8.34,0.0,1
6159,CONTAINER,785,780,0.0,0.0,0.0,39.9,8.34,0.0,1
6159,CONTAINER,786,781,0.0,0.0,0.0,39.9,8.34,0.0,1
6159,CONTAINER,787,782,0.0,0.0,0.0,39.9,8.34,0.0,1
6159,CONTAINER,788,783,0.0,0.0,0.0,39.9,8.34,0.0,1
6159,CONTAINER,789,784,0.0,0.0,0.0,39.9,8.34,0.0,1
6159,CONTAINER,790,785,0.0,0.0,0.0,39.9,8.34,0.0,1
6159,CONTAINER,791,786,0.0,0.0,0.0,39.9,8.34,0.0,1
6159,CONTAINER,792,787,0.0,0.0,0.0,39.9,8.33,0.0,1
6159,CONTAINER,793,788,0.0,0.0,0.0,39.9,8.34,0.0,1
6159,CONTAINER,794,789,0.0,0.0,0.0,39.9,8.33,0.0,1
6159,CONTAINER,795,790,0.0,0.0,0.0,39.9,8.33,0.0,1
6159,CONTAINER,796,791,0.0,0.0,0.0,39.9,8.33,0.0,1
6159,CONTAINER,797,792,0.0,0.0,0.0,40.0,8.33,0.0,1
6159,CONTAINER,798,793,0.0,0.0,0.0,39.9,8.33,0.0,1
6159,CONTAINER,799,794,0.0,0.0,0.0,40.0,8.33,0.0,1
6159,CONTAINER,800,795,0.0,0.0,0.0,40.0,8.33,0.0,1
6159,CONTAINER,801,796,0.0,0.0,0.0,39.9,8.33,0.0,1
6159,CONTAINER,802,797,0.0,0.0,0.0,40.0,8.33,0.0,1
6159,CONTAINER,803,798,0.0,0.0,0.0,40.0,8.33,0.0,1
6159,CONTAINER,804,799,0.0,0.0,0.0,40.0,8.33,0.0,1
6159,CONTAINER,805,800,0.0,0.0,0.0,40.0,8.33,0.0,1
6159,CONTAINER,806,801,0.0,0.0,0.0,40.0,8.33,0.0,1
6159,CONTAINER,807,802,0.0,0.0,0.0,40.0,8.33,0.0,1
6159,CONTAINER,808,803,0.0,0.0,0.0,40.0,8.33,0.0,1
6159,CONTAINER,809,804,0.0,0.0,0.0,40.0,8.33,0.0,1
6159,CONTAINER,810,805,0.0,0.0,0.0,40.0,8.33,0.0,1
6159,CONTAINER,811,806,0.0,0.0,0.0,40.0,8.33,0.0,1
6159,CONTAINER,812,807,0.0,0.0,0.0,40.0,8.33,0.0,1
6159,CONTAINER,813,808,0.0,0.0,0.0,40.0,8.33,0.0,1
6159,CONTAINER,814,809,0.0,0.0,0.0,40.0,8.33,0.0,1
6159,CONTAINER,815,810,0.0,0.0,0.0,40.0,8.33,0.0,1
6159,CONTAINER,816,811,0.0,0.0,0.0,40.0,8.33,0.0,1
6159,CONTAINER,817,812,0.0,0.0,0.0,40.0,8.32,0.0,1
6159,CONTAINER,818,813,0.0,0.0,0.0,40.0,8.32,0.0,1
6159,CONTAINER,819,814,0.0,0.0,0.0,40.0,8.33,0.0,1
6159,CONTAINER,820,815,0.0,0.0,0.0,40.0,8.32,0.0,1
6159,CONTAINER,821,816,0.0,0.0,0.0,40.0,8.32,0.0,1
6159,CONTAINER,822,817,0.0,0.0,0.0,40.0,8.32,0.0,1
6159,CONTAINER,823,818,0.0,0.0,0.0,40.0,8.32,0.0,1
6159,CONTAINER,824,819,0.0,0.0,0.0,40.0,8.32,0.0,1
6159,CONTAINER,825,820,0.0,0.0,0.0,40.0,8.32,0.0,1
6159,CONTAINER,826,821,0.0,0.0,0.0,40.0,8.32,0.0,1
6159,CONTAINER,827,822,0.0,0.0,0.0,40.0,8.32,0.0,1
6159,CONTAINER,828,823,0.0,0.0,0.0,40.0,8.32,0.0,1
6159,CONTAINER,829,824,0.0,0.0,0.0,40.0,8.32,0.0,1
6159,CONTAINER,830,825,0.0,0.0,0.0,40.0,8.32,0.0,1
6159,CONTAINER,831,826,0.0,0.0,0.0,40.0,8.32,0.0,1
6159,CONTAINER,832,827,0.0,0.0,0.0,40.0,8.32,0.0,1
6159,CONTAINER,833,828,0.0,0.0,0.0,40.0,8.32,0.0,1
6159,CONTAINER,834,829,0.0,0.0,0.0,40.0,8.32,0.0,1
6159,CONTAINER,835,830,0.0,0.0,0.0,40.0,8.32,0.0,1
6159,CONTAINER,836,831,0.0,0.0,0.0,40.0,8.32,0.0,1
6159,CONTAINER,837,832,0.0,0.0,0.0,40.0,8.31,0.0,1
6159,CONTAINER,838,833,0.0,0.0,0.0,40.0,8.32,0.0,1
6159,CONTAINER,839,834,0.0,0.0,0.0,40.0,8.31,0.0,1
6159,CONTAINER,840,835,0.0,0.0,0.0,40.0,8.31,0.0,1
6159,CONTAINER,841,836,0.0,0.0,0.0,40.0,8.31,0.0,1
6159,CONTAINER,842,837,0.0,0.0,0.0,40.0,8.31,0.0,1
6159,CONTAINER,843,838,0.0,0.0,0.0,40.0,8.31,0.0,1
6159,CONTAINER,844,839,0.0,0.0,0.0,40.0,8.31,0.0,1
6159,CONTAINER,845,840,0.0,0.0,0.0,40.0,8.31,0.0,1
6159,CONTAINER,846,841,0.0,0.0,0.0,40.0,8.31,0.0,1
6159,CONTAINER,847,842,0.0,0.0,0.0,40.0,8.31,0.0,1
6159,CONTAINER,848,843,0.0,0.0,0.0,40.0,8.31,0.0,1
6159,CONTAINER,849,844,0.0,0.0,0.0,40.0,8.31,0.0,1
6159,CONTAINER,850,845,0.0,0.0,0.0,40.0,8.31,0.0,1
6159,CONTAINER,851,846,0.0,0.0,0.0,40.0,8.31,0.0,1
6159,CONTAINER,852,847,0.0,0.0,0.0,40.0,8.31,0.0,1
6159,CONTAINER,853,848,0.0,0.0,0.0,40.0,8.31,0.0,1
6159,CONTAINER,854,849,0.0,0.0,0.0,40.0,8.31,0.0,1
6159,CONTAINER,855,850,0.0,0.0,0.0,40.0,8.3,0.0,1
6159,CONTAINER,856,851,0.0,0.0,0.0,40.0,8.3,0.0,1
6159,CONTAINER,857,852,0.0,0.0,0.0,40.0,8.31,0.0,1
6159,CONTAINER,858,853,0.0,0.0,0.0,40.0,8.3,0.0,1
6159,CONTAINER,859,854,0.0,0.0,0.0,40.0,8.3,0.0,1
6159,CONTAINER,860,855,0.0,0.0,0.0,40.0,8.3,0.0,1
6159,CONTAINER,861,856,0.0,0.0,0.0,40.0,8.3,0.0,1
6159,CONTAINER,862,857,0.0,0.0,0.0,40.0,8.3,0.0,1
6159,CONTAINER,863,858,0.0,0.0,0.0,40.0,8.3,0.0,1
6159,CONTAINER,864,859,0.0,0.0,0.0,40.0,8.3,0.0,1
6159,CONTAINER,865,860,0.0,0.0,0.0,40.0,8.3,0.0,1
6159,CONTAINER,866,861,0.0,0.0,0.0,40.0,8.3,0.0,1
6159,CONTAINER,867,862,0.0,0.0,0.0,40.0,8.3,0.0,1
6159,CONTAINER,868,863,0.0,0.0,0.0,40.0,8.3,0.0,1
6159,CONTAINER,869,864,0.0,0.0,0.0,40.0,8.3,0.0,1
6159,CONTAINER,870,865,0.0,0.0,0.0,40.0,8.3,0.0,1
6159,CONTAINER,871,866,0.0,0.0,0.0,40.0,8.3,0.0,1
6159,CONTAINER,872,867,0.0,0.0,0.0,40.0,8.3,0.0,1
6159,CONTAINER,873,868,0.0,0.0,0.0,40.0,8.3,0.0,1
6159,CONTAINER,874,869,2.3,0.0,0.0,40.0,8.28,0.0,2
6159,CONTAINER,875,870,130.8,0.0,0.0,40.0,8.3,0.0,2
6159,CONTAINER,876,871,338.3,0.0,0.0,40.0,8.29,0.0,2
6159,CONTAINER,877,872,419.6,0.0,0.0,40.0,8.3,0.0,2
6159,CONTAINER,878,873,495.9,0.0,0.0,40.0,8.3,0.0,2
6159,CONTAINER,879,874,558.8,0.0,0.0,40.0,8.3,0.0,2
6159,CONTAINER,880,875,606.6,0.0,0.0,40.0,8.3,0.0,2
6159,CONTAINER,881,876,649.9,0.0,0.0,40.0,8.3,0.0,2
6159,CONTAINER,882,877,684.1,0.0,0.0,40.0,8.29,0.0,2
6159,CONTAINER,883,878,708.0,0.0,0.0,40.0,8.3,0.0,2
6159,CONTAINER,884,879,723.4,0.0,0.0,40.0,8.29,0.0,2
6159,CONTAINER,885,880,729.1,0.0,0.0,40.0,8.29,0.0,2
6159,CONTAINER,885,880,729.1,0.0,0.0,40.0,8.29,0.0,2
6159,CONTAINER,885,880,729.1,0.0,0.0,40.0,8.29,0.0,2
6159,CONTAINER,885,880,729.1,0.0,0.0,40.0,8.29,0.0,2
6159,CONTAINER,885,880,729.1,0.0,0.0,40.0,8.29,0.0,2
6159,CONTAINER,885,880,729.1,0.0,0.0,40.0,8.29,0.0,2
6159,CONTAINER,885,880,729.1,0.0,0.0,40.0,8.29,0.0,2
6159,CONTAINER,885,880,729.1,0.0,0.0,40.0,8.29,0.0,2
6159,CONTAINER,885,880,729.1,0.0,0.0,40.0,8.29,0.0,2
6159,CONTAINER,885,880,729.1,0.0,0.0,40.0,8.29,0.0,2
6159,CONTAINER,885,880,729.1,0.0,0.0,40.0,8.29,0.0,2
6159,CONTAINER,885,880,729.1,0.0,0.0,40.0,8.29,0.0,2
6159,CONTAINER,885,880,729.1,0.0,0.0,40.0,8.29,0.0,2
6159,CONTAINER,885,880,729.1,0.0,0.0,40.0,8.29,0.0,2
6159,CONTAINER,885,880,729.1,0.0,0.0,40.0,8.29,0.0,2
6159,CONTAINER,885,880,729.1,0.0,0.0,40.0,8.29,0.0,2
6159,CONTAINER,885,880,729.1,0.0,0.0,40.0,8.29,0.0,2
6159,CONTAINER,885,880,729.1,0.0,0.0,40.0,8.29,0.0,2
6159,CONTAINER,885,880,729.1,0.0,0.0,40.0,8.29,0.0,2
6159,CONTAINER,885,880,729.1,0.0,0.0,40.0,8.29,0.0,2
6159,CONTAINER,885,880,729.1,0.0,0.0,40.0,8.29,0.0,2
6159,CONTAINER,885,880,729.1,0.0,0.0,40.0,8.29,0.0,2
6159,CONTAINER,885,880,729.1,0.0,0.0,40.0,8.29,0.0,2
6159,CONTAINER,885,880,729.1,0.0,0.0,40.0,8.29,0.0,2
6159,CONTAINER,885,880,729.1,0.0,0.0,40.0,8.29,0.0,2
6159,CONTAINER,885,880,729.1,0.0,0.0,40.0,8.29,0.0,2
6159,CONTAINER,885,880,729.1,0.0,0.0,40.0,8.29,0.0,2
6159,CONTAINER,885,880,729.1,0.0,0.0,40.0,8.29,0.0,2
6159,CONTAINER,885,880,729.1,0.0,0.0,40.0,8.29,0.0,2
6159,CONTAINER,885,880,729.1,0.0,0.0,40.0,8.29,0.0,2
6159,CONTAINER,885,880,729.1,0.0,0.0,40.0,8.29,0.0,2
6159,CONTAINER,885,880,729.1,0.0,0.0,40.0,8.29,0.0,2
6159,CONTAINER,885,880,729.1,0.0,0.0,40.0,8.29,0.0,2
6159,CONTAINER,885,880,729.1,0.0,0.0,40.0,8.29,0.0,2
6159,CONTAINER,885,880,729.1,0.0,0.0,40.0,8.29,0.0,2
6159,CONTAINER,885,880,729.1,0.0,0.0,40.0,8.29,0.0,2
6159,CONTAINER,885,880,729.1,0.0,0.0,40.0,8.29,0.0,2
6159,CONTAINER,885,880,729.1,0.0,0.0,40.0,8.29,0.0,2
6159,CONTAINER,885,880,729.1,0.0,0.0,40.0,8.29,0.0,2
6159,CONTAINER,885,880,729.1,0.0,0.0,40.0,8.29,0.0,2
6159,CONTAINER,885,880,729.1,0.0,0.0,40.0,8.29,0.0,2
6159,CONTAINER,885,880,729.1,0.0,0.0,40.0,8.29,0.0,2
6159,CONTAINER,885,880,729.1,0.0,0.0,40.0,8.29,0.0,2
6159,CONTAINER,885,880,729.1,0.0,0.0,40.0,8.29,0.0,2
6159,CONTAINER,885,880,729.1,0.0,0.0,40.0,8.29,0.0,2
6159,CONTAINER,885,880,729.1,0.0,0.0,40.0,8.29,0.0,2
6159,CONTAINER,885,880,729.1,0.0,0.0,40.0,8.29,0.0,2
6159,CONTAINER,885,880,729.1,0.0,0.0,40.0,8.29,0.0,2
6159,CONTAINER,885,880,729.1,0.0,0.0,40.0,8.29,0.0,2
6159,CONTAINER,885,880,729.1,0.0,0.0,40.0,8.29,0.0,2
6159,CONTAINER,885,880,729.1,0.0,0.0,40.0,8.29,0.0,2
6159,CONTAINER,885,880,729.1,0.0,0.0,40.0,8.29,0.0,2
6159,CONTAINER,885,880,729.1,0.0,0.0,40.0,8.29,0.0,2
6159,CONTAINER,885,880,729.1,0.0,0.0,40.0,8.29,0.0,2
6159,CONTAINER,885,880,729.1,0.0,0.0,40.0,8.29,0.0,2
6159,CONTAINER,885,880,729.1,0.0,0.0,40.0,8.29,0.0,2
6159,CONTAINER,885,880,729.1,0.0,0.0,40.0,8.29,0.0,2
6159,CONTAINER,885,880,729.1,0.0,0.0,40.0,8.29,0.0,2
6159,CONTAINER,885,880,729.1,0.0,0.0,40.0,8.29,0.0,2
6159,CONTAINER,885,880,729.1,0.0,0.0,40.0,8.29,0.0,2
6159,CONTAINER,885,880,729.1,0.0,0.0,40.0,8.29,0.0,2
6159,CONTAINER,885,880,729.1,0.0,0.0,40.0,8.29,0.0,2
6159,CONTAINER,885,880,729.1,0.0,0.0,40.0,8.29,0.0,2
6159,CONTAINER,885,880,729.1,0.0,0.0,40.0,8.29,0.0,2
6159,CONTAINER,885,880,729.1,0.0,0.0,40.0,8.29,0.0,2
6159,CONTAINER,885,880,729.1,0.0,0.0,40.0,8.29,0.0,2
6159,CONTAINER,885,880,729.1,0.0,0.0,40.0,8.29,0.0,2
6159,CONTAINER,885,880,729.1,0.0,0.0,40.0,8.29,0.0,2
6159,CONTAINER,885,880,729.1,0.0,0.0,40.0,8.29,0.0,2
6159,CONTAINER,885,880,729.1,0.0,0.0,40.0,8.29,0.0,2
6159,CONTAINER,885,880,729.1,0.0,0.0,40.0,8.29,0.0,2
6159,CONTAINER,885,880,729.1,0.0,0.0,40.0,8.29,0.0,2
6159,CONTAINER,885,880,729.1,0.0,0.0,40.0,8.29,0.0,2
6159,CONTAINER,885,880,729.1,0.0,0.0,40.0,8.29,0.0,2
6159,CONTAINER,885,880,729.1,0.0,0.0,40.0,8.29,0.0,2
6159,CONTAINER,885,880,729.1,0.0,0.0,40.0,8.29,0.0,2
6159,CONTAINER,885,880,729.1,0.0,0.0,40.0,8.29,0.0,2
6159,CONTAINER,885,880,729.1,0.0,0.0,40.0,8.29,0.0,2
6159,CONTAINER,885,880,729.1,0.0,0.0,40.0,8.29,0.0,2
6159,CONTAINER,885,880,729.1,0.0,0.0,40.0,8.29,0.0,2
6159,CONTAINER,885,880,729.1,0.0,0.0,40.0,8.29,0.0,2
6159,CONTAINER,885,880,729.1,0.0,0.0,40.0,8.29,0.0,2
6159,CONTAINER,885,880,729.1,0.0,0.0,40.0,8.29,0.0,2
6159,CONTAINER,885,880,729.1,0.0,0.0,40.0,8.29,0.0,2
6159,CONTAINER,885,880,729.1,0.0,0.0,40.0,8.29,0.0,2
6159,CONTAINER,885,880,729.1,0.0,0.0,40.0,8.29,0.0,2
6159,CONTAINER,885,880,729.1,0.0,0.0,40.0,8.29,0.0,2
6159,CONTAINER,885,880,729.1,0.0,0.0,40.0,8.29,0.0,2
6159,CONTAINER,885,880,729.1,0.0,0.0,40.0,8.29,0.0,2
6159,CONTAINER,885,880,729.1,0.0,0.0,40.0,8.29,0.0,2
6159,CONTAINER,885,880,729.1,0.0,0.0,40.0,8.29,0.0,2
6159,CONTAINER,885,880,729.1,0.0,0.0,40.0,8.29,0.0,2
6159,CONTAINER,885,880,729.1,0.0,0.0,40.0,8.29,0.0,2
6159,CONTAINER,885,880,729.1,0.0,0.0,40.0,8.29,0.0,2
6159,CONTAINER,885,880,729.1,0.0,0.0,40.0,8.29,0.0,2
6159,CONTAINER,885,880,729.1,0.0,0.0,40.0,8.29,0.0,2
6159,CONTAINER,885,880,729.1,0.0,0.0,40.0,8.29,0.0,2
6159,CONTAINER,885,880,729.1,0.0,0.0,40.0,8.29,0.0,2
6159,CONTAINER,885,880,729.1,0.0,0.0,40.0,8.29,0.0,2
6159,CONTAINER,885,880,729.1,0.0,0.0,40.0,8.29,0.0,2
6159,CONTAINER,885,880,729.1,0.0,0.0,40.0,8.29,0.0,2
6159,CONTAINER,885,880,729.1,0.0,0.0,40.0,8.29,0.0,2
6159,CONTAINER,885,880,729.1,0.0,0.0,40.0,8.29,0.0,2
6159,CONTAINER,885,880,729.1,0.0,0.0,40.0,8.29,0.0,2
6159,CONTAINER,885,880,729.1,0.0,0.0,40.0,8.29,0.0,2
6159,CONTAINER,885,880,729.1,0.0,0.0,40.0,8.29,0.0,2
6159,CONTAINER,885,880,729.1,0.0,0.0,40.0,8.29,0.0,2
6159,CONTAINER,885,880,729.1,0.0,0.0,40.0,8.29,0.0,2
6159,CONTAINER,885,880,729.1,0.0,0.0,40.0,8.29,0.0,2
6159,CONTAINER,885,880,729.1,0.0,0.0,40.0,8.29,0.0,2
6159,CONTAINER,885,880,729.1,0.0,0.0,40.0,8.29,0.0,2
6159,CONTAINER,885,880,729.1,0.0,0.0,40.0,8.29,0.0,2
6159,CONTAINER,885,880,729.1,0.0,0.0,40.0,8.29,0.0,2
6159,CONTAINER,885,880,729.1,0.0,0.0,40.0,8.29,0.0,2
6159,CONTAINER,885,880,729.1,0.0,0.0,40.0,8.29,0.0,2
6159,CONTAINER,885,880,729.1,0.0,0.0,40.0,8.29,0.0,2
6159,CONTAINER,885,880,729.1,0.0,0.0,40.0,8.29,0.0,2
6159,CONTAINER,885,880,729.1,0.0,0.0,40.0,8.29,0.0,2
6159,CONTAINER,885,880,729.1,0.0,0.0,40.0,8.29,0.0,2
6159,CONTAINER,885,880,729.1,0.0,0.0,40.0,8.29,0.0,2
6159,CONTAINER,885,880,729.1,0.0,0.0,40.0,8.29,0.0,2
6159,CONTAINER,885,880,729.1,0.0,0.0,40.0,8.29,0.0,2
6159,CONTAINER,885,880,729.1,0.0,0.0,40.0,8.29,0.0,2
6159,CONTAINER,885,880,729.1,0.0,0.0,40.0,8.29,0.0,2
6159,CONTAINER,885,880,729.1,0.0,0.0,40.0,8.29,0.0,2
6159,CONTAINER,885,880,729.1,0.0,0.0,40.0,8.29,0.0,2
6159,CONTAINER,885,880,729.1,0.0,0.0,40.0,8.29,0.0,2
6159,CONTAINER,885,880,729.1,0.0,0.0,40.0,8.29,0.0,2
6159,CONTAINER,885,880,729.1,0.0,0.0,40.0,8.29,0.0,2
6159,CONTAINER,885,880,729.1,0.0,0.0,40.0,8.29,0.0,2
6159,CONTAINER,885,880,729.1,0.0,0.0,40.0,8.29,0.0,2
6159,CONTAINER,885,880,729.1,0.0,0.0,40.0,8.29,0.0,2
6159,CONTAINER,885,880,729.1,0.0,0.0,40.0,8.29,0.0,2
6159,CONTAINER,885,880,729.1,0.0,0.0,40.0,8.29,0.0,2
6159,CONTAINER,885,880,729.1,0.0,0.0,40.0,8.29,0.0,2
6159,CONTAINER,885,880,729.1,0.0,0.0,40.0,8.29,0.0,2
6159,CONTAINER,885,880,729.1,0.0,0.0,40.0,8.29,0.0,2
6159,CONTAINER,885,880,729.1,0.0,0.0,40.0,8.29,0.0,2
6159,CONTAINER,885,880,729.1,0.0,0.0,40.0,8.29,0.0,2
6159,CONTAINER,885,880,729.1,0.0,0.0,40.0,8.29,0.0,2
6159,CONTAINER,885,880,729.1,0.0,0.0,40.0,8.29,0.0,2
6159,CONTAINER,885,880,729.1,0.0,0.0,40.0,8.29,0.0,2
6159,CONTAINER,885,880,729.1,0.0,0.0,40.0,8.29,0.0,2
6159,CONTAINER,885,880,729.1,0.0,0.0,40.0,8.29,0.0,2
6159,CONTAINER,885,880,729.1,0.0,0.0,40.0,8.29,0.0,2
6159,CONTAINER,885,880,729.1,0.0,0.0,40.0,8.29,0.0,2
6159,CONTAINER,885,880,729.1,0.0,0.0,40.0,8.29,0.0,2
6159,CONTAINER,885,880,729.1,0.0,0.0,40.0,8.29,0.0,2
6159,CONTAINER,885,880,729.1,0.0,0.0,40.0,8.29,0.0,2
6159,CONTAINER,885,880,729.1,0.0,0.0,40.0,8.29,0.0,2
6159,CONTAINER,885,880,729.1,0.0,0.0,40.0,8.29,0.0,2
6159,CONTAINER,885,880,729.1,0.0,0.0,40.0,8.29,0.0,2
6159,CONTAINER,885,880,729.1,0.0,0.0,40.0,8.29,0.0,2
6159,CONTAINER,885,880,729.1,0.0,0.0,40.0,8.29,0.0,2
6159,CONTAINER,885,880,729.1,0.0,0.0,40.0,8.29,0.0,2
6159,CONTAINER,885,880,729.1,0.0,0.0,40.0,8.29,0.0,2
6159,CONTAINER,885,880,729.1,0.0,0.0,40.0,8.29,0.0,2
6159,CONTAINER,885,880,729.1,0.0,0.0,40.0,8.29,0.0,2
6159,CONTAINER,885,880,729.1,0.0,0.0,40.0,8.29,0.0,2
6159,CONTAINER,885,880,729.1,0.0,0.0,40.0,8.29,0.0,2
6159,CONTAINER,885,880,729.1,0.0,0.0,40.0,8.29,0.0,2
6159,CONTAINER,885,880,729.1,0.0,0.0,40.0,8.29,0.0,2
6159,CONTAINER,885,880,729.1,0.0,0.0,40.0,8.29,0.0,2
6159,CONTAINER,885,880,729.1,0.0,0.0,40.0,8.29,0.0,2
6159,CONTAINER,885,880,729.1,0.0,0.0,40.0,8.29,0.0,2
6159,CONTAINER,885,880,729.1,0.0,0.0,40.0,8.29,0.0,2
6159,CONTAINER,885,880,729.1,0.0,0.0,40.0,8.29,0.0,2
6159,CONTAINER,885,880,729.1,0.0,0.0,40.0,8.29,0.0,2
6159,CONTAINER,885,880,729.1,0.0,0.0,40.0,8.29,0.0,2
6159,CONTAINER,885,880,729.1,0.0,0.0,40.0,8.29,0.0,2
6159,CONTAINER,885,880,729.1,0.0,0.0,40.0,8.29,0.0,2
6159,CONTAINER,885,880,729.1,0.0,0.0,40.0,8.29,0.0,2
6159,CONTAINER,885,880,729.1,0.0,0.0,40.0,8.29,0.0,2
6159,CONTAINER,885,880,729.1,0.0,0.0,40.0,8.29,0.0,2
6159,CONTAINER,885,880,729.1,0.0,0.0,40.0,8.29,0.0,2
6159,CONTAINER,885,880,729.1,0.0,0.0,40.0,8.29,0.0,2
6159,CONTAINER,885,880,729.1,0.0,0.0,40.0,8.29,0.0,2
6159,CONTAINER,885,880,729.1,0.0,0.0,40.0,8.29,0.0,2
6159,CONTAINER,885,880,729.1,0.0,0.0,40.0,8.29,0.0,2
6159,CONTAINER,885,880,729.1,0.0,0.0,40.0,8.29,0.0,2
6159,CONTAINER,885,880,729.1,0.0,0.0,40.0,8.29,0.0,2
6159,CONTAINER,885,880,729.1,0.0,0.0,40.0,8.29,0.0,2
6159,CONTAINER,885,880,729.1,0.0,0.0,40.0,8.29,0.0,2
6159,CONTAINER,885,880,729.1,0.0,0.0,40.0,8.29,0.0,2
6159,CONTAINER,885,880,729.1,0.0,0.0,40.0,8.29,0.0,2
6159,CONTAINER,885,880,729.1,0.0,0.0,40.0,8.29,0.0,2
6159,CONTAINER,885,880,729.1,0.0,0.0,40.0,8.29,0.0,2
6159,CONTAINER,885,880,729.1,0.0,0.0,40.0,8.29,0.0,2
6159,CONTAINER,885,880,729.1,0.0,0.0,40.0,8.29,0.0,2
6159,CONTAINER,885,880,729.1,0.0,0.0,40.0,8.29,0.0,2
6159,CONTAINER,885,880,729.1,0.0,0.0,40.0,8.29,0.0,2
6159,CONTAINER,885,880,729.1,0.0,0.0,40.0,8.29,0.0,2
6159,CONTAINER,885,880,729.1,0.0,0.0,40.0,8.29,0.0,2
6159,CONTAINER,885,880,729.1,0.0,0.0,40.0,8.29,0.0,2
6159,CONTAINER,885,880,729.1,0.0,0.0,40.0,8.29,0.0,2
6159,CONTAINER,885,880,729.1,0.0,0.0,40.0,8.29,0.0,2
6159,CONTAINER,885,880,729.1,0.0,0.0,40.0,8.29,0.0,2
6159,CONTAINER,885,880,729.1,0.0,0.0,40.0,8.29,0.0,2
6159,CONTAINER,885,880,729.1,0.0,0.0,40.0,8.29,0.0,2
6159,CONTAINER,885,880,729.1,0.0,0.0,40.0,8.29,0.0,2
6159,CONTAINER,885,880,729.1,0.0,0.0,40.0,8.29,0.0,2
6159,CONTAINER,885,880,729.1,0.0,0.0,40.0,8.29,0.0,2
6159,CONTAINER,885,880,729.1,0.0,0.0,40.0,8.29,0.0,2
6159,CONTAINER,885,880,729.1,0.0,0.0,40.0,8.29,0.0,2
6159,CONTAINER,885,880,729.1,0.0,0.0,40.0,8.29,0.0,2
6159,CONTAINER,885,880,729.1,0.0,0.0,40.0,8.29,0.0,2
6159,CONTAINER,885,880,729.1,0.0,0.0,40.0,8.29,0.0,2
6159,CONTAINER,885,880,729.1,0.0,0.0,40.0,8.29,0.0,2
6159,CONTAINER,885,880,729.1,0.0,0.0,40.0,8.29,0.0,2
6159,CONTAINER,885,880,729.1,0.0,0.0,40.0,8.29,0.0,2
6159,CONTAINER,885,880,729.1,0.0,0.0,40.0,8.29,0.0,2
6159,CONTAINER,885,880,729.1,0.0,0.0,40.0,8.29,0.0,2
6159,CONTAINER,885,880,729.1,0.0,0.0,40.0,8.29,0.0,2
6159,CONTAINER,885,880,729.1,0.0,0.0,40.0,8.29,0.0,2
6159,CONTAINER,885,880,729.1,0.0,0.0,40.0,8.29,0.0,2
6159,CONTAINER,885,880,729.1,0.0,0.0,40.0,8.29,0.0,2
6159,CONTAINER,885,880,729.1,0.0,0.0,40.0,8.29,0.0,2
6159,CONTAINER,885,880,729.1,0.0,0.0,40.0,8.29,0.0,2
6159,CONTAINER,885,880,729.1,0.0,0.0,40.0,8.29,0.0,2
6159,CONTAINER,885,880,729.1,0.0,0.0,40.0,8.29,0.0,2
6159,CONTAINER,885,880,729.1,0.0,0.0,40.0,8.29,0.0,2
6159,CONTAINER,885,880,729.1,0.0,0.0,40.0,8.29,0.0,2
6159,CONTAINER,885,880,729.1,0.0,0.0,40.0,8.29,0.0,2
6159,CONTAINER,885,880,729.1,0.0,0.0,40.0,8.29,0.0,2
6159,CONTAINER,885,880,729.1,0.0,0.0,40.0,8.29,0.0,2
6159,CONTAINER,885,880,729.1,0.0,0.0,40.0,8.29,0.0,2
6159,CONTAINER,885,880,729.1,0.0,0.0,40.0,8.29,0.0,2
6159,CONTAINER,885,880,729.1,0.0,0.0,40.0,8.29,0.0,2
6159,CONTAINER,885,880,729.1,0.0,0.0,40.0,8.29,0.0,2
6159,CONTAINER,885,880,729.1,0.0,0.0,40.0,8.29,0.0,2
6159,CONTAINER,885,880,729.1,0.0,0.0,40.0,8.29,0.0,2
6159,CONTAINER,885,880,729.1,0.0,0.0,40.0,8.29,0.0,2
6159,CONTAINER,885,880,729.1,0.0,0.0,40.0,8.29,0.0,2
6159,CONTAINER,885,880,729.1,0.0,0.0,40.0,8.29,0.0,2
6159,CONTAINER,885,880,729.1,0.0,0.0,40.0,8.29,0.0,2
6159,CONTAINER,885,880,729.1,0.0,0.0,40.0,8.29,0.0,2
6159,CONTAINER,885,880,729.1,0.0,0.0,40.0,8.29,0.0,2
6159,CONTAINER,885,880,729.1,0.0,0.0,40.0,8.29,0.0,2
6159,CONTAINER,885,880,729.1,0.0,0.0,40.0,8.29,0.0,2
6159,CONTAINER,885,880,729.1,0.0,0.0,40.0,8.29,0.0,2
6159,CONTAINER,885,880,729.1,0.0,0.0,40.0,8.29,0.0,2
6159,CONTAINER,885,880,729.1,0.0,0.0,40.0,8.29,0.0,2
6159,CONTAINER,885,880,729.1,0.0,0.0,40.0,8.29,0.0,2
6159,CONTAINER,885,880,729.1,0.0,0.0,40.0,8.29,0.0,2
6159,CONTAINER,885,880,729.1,0.0,0.0,40.0,8.29,0.0,2
6159,CONTAINER,885,880,729.1,0.0,0.0,40.0,8.29,0.0,2
6159,CONTAINER,885,880,729.1,0.0,0.0,40.0,8.29,0.0,2
6159,CONTAINER,885,880,729.1,0.0,0.0,40.0,8.29,0.0,2
6159,CONTAINER,885,880,729.1,0.0,0.0,40.0,8.29,0.0,2
6159,CONTAINER,885,880,729.1,0.0,0.0,40.0,8.29,0.0,2
6159,CONTAINER,885,880,729.1,0.0,0.0,40.0,8.29,0.0,2
6159,CONTAINER,885,880,729.1,0.0,0.0,40.0,8.29,0.0,2
6159,CONTAINER,885,880,729.1,0.0,0.0,40.0,8.29,0.0,2
6159,CONTAINER,885,880,729.1,0.0,0.0,40.0,8.29,0.0,2
6159,CONTAINER,885,880,729.1,0.0,0.0,40.0,8.29,0.0,2
6159,CONTAINER,885,880,729.1,0.0,0.0,40.0,8.29,0.0,2
6159,CONTAINER,885,880,729.1,0.0,0.0,40.0,8.29,0.0,2
6159,CONTAINER,885,880,729.1,0.0,0.0,40.0,8.29,0.0,2
6159,CONTAINER,885,880,729.1,0.0,0.0,40.0,8.29,0.0,2
6159,CONTAINER,885,880,729.1,0.0,0.0,40.0,8.29,0.0,2
6159,CONTAINER,885,880,729.1,0.0,0.0,40.0,8.29,0.0,2
6159,CONTAINER,885,880,729.1,0.0,0.0,40.0,8.29,0.0,2
6159,CONTAINER,885,880,729.1,0.0,0.0,40.0,8.29,0.0,2
6159,CONTAINER,885,880,729.1,0.0,0.0,40.0,8.29,0.0,2
6159,CONTAINER,885,880,729.1,0.0,0.0,40.0,8.29,0.0,2
6159,CONTAINER,885,880,729.1,0.0,0.0,40.0,8.29,0.0,2
6159,CONTAINER,885,880,729.1,0.0,0.0,40.0,8.29,0.0,2
6159,CONTAINER,885,880,729.1,0.0,0.0,40.0,8.29,0.0,2
6159,CONTAINER,885,880,729.1,0.0,0.0,40.0,8.29,0.0,2
6159,CONTAINER,885,880,729.1,0.0,0.0,40.0,8.29,0.0,2
6159,CONTAINER,885,880,729.1,0.0,0.0,40.0,8.29,0.0,2
6159,CONTAINER,885,880,729.1,0.0,0.0,40.0,8.29,0.0,2
6159,CONTAINER,885,880,729.1,0.0,0.0,40.0,8.29,0.0,2
6159,CONTAINER,885,880,729.1,0.0,0.0,40.0,8.29,0.0,2
6159,CONTAINER,885,880,729.1,0.0,0.0,40.0,8.29,0.0,2
6159,CONTAINER,885,880,729.1,0.0,0.0,40.0,8.29,0.0,2
6159,CONTAINER,885,880,729.1,0.0,0.0,40.0,8.29,0.0,2
6159,CONTAINER,885,880,729.1,0.0,0.0,40.0,8.29,0.0,2
6159,CONTAINER,885,880,729.1,0.0,0.0,40.0,8.29,0.0,2
6159,CONTAINER,885,880,729.1,0.0,0.0,40.0,8.29,0.0,2
6159,CONTAINER,885,880,729.1,0.0,0.0,40.0,8.29,0.0,2
6159,CONTAINER,885,880,729.1,0.0,0.0,40.0,8.29,0.0,2
6159,CONTAINER,885,880,729.1,0.0,0.0,40.0,8.29,0.0,2
6159,CONTAINER,885,880,729.1,0.0,0.0,40.0,8.29,0.0,2
6159,CONTAINER,885,880,729.1,0.0,0.0,40.0,8.29,0.0,2
6159,CONTAINER,885,880,729.1,0.0,0.0,40.0,8.29,0.0,2
6159,CONTAINER,885,880,729.1,0.0,0.0,40.0,8.29,0.0,2
6159,CONTAINER,885,880,729.1,0.0,0.0,40.0,8.29,0.0,2
6159,CONTAINER,885,880,729.1,0.0,0.0,40.0,8.29,0.0,2
6159,CONTAINER,885,880,729.1,0.0,0.0,40.0,8.29,0.0,2
6159,CONTAINER,885,880,729.1,0.0,0.0,40.0,8.29,0.0,2
6159,CONTAINER,885,880,729.1,0.0,0.0,40.0,8.29,0.0,2
6159,CONTAINER,885,880,729.1,0.0,0.0,40.0,8.29,0.0,2
6159,CONTAINER,885,880,729.1,0.0,0.0,40.0,8.29,0.0,2
6159,CONTAINER,885,880,729.1,0.0,0.0,40.0,8.29,0.0,2
6159,CONTAINER,885,880,729.1,0.0,0.0,40.0,8.29,0.0,2
6159,CONTAINER,885,880,729.1,0.0,0.0,40.0,8.29,0.0,2
6159,CONTAINER,885,880,729.1,0.0,0.0,40.0,8.29,0.0,2
6159,CONTAINER,885,880,729.1,0.0,0.0,40.0,8.29,0.0,2
6159,CONTAINER,885,880,729.1,0.0,0.0,40.0,8.29,0.0,2
6159,CONTAINER,885,880,729.1,0.0,0.0,40.0,8.29,0.0,2
6159,CONTAINER,885,880,729.1,0.0,0.0,40.0,8.29,0.0,2
6159,CONTAINER,885,880,729.1,0.0,0.0,40.0,8.29,0.0,2
6159,CONTAINER,885,880,729.1,0.0,0.0,40.0,8.29,0.0,2
6159,CONTAINER,885,880,729.1,0.0,0.0,40.0,8.29,0.0,2
6159,CONTAINER,885,880,729.1,0.0,0.0,40.0,8.29,0.0,2
6159,CONTAINER,885,880,729.1,0.0,0.0,40.0,8.29,0.0,2
6159,CONTAINER,885,880,729.1,0.0,0.0,40.0,8.29,0.0,2
6159,CONTAINER,885,880,729.1,0.0,0.0,40.0,8.29,0.0,2
6159,CONTAINER,885,880,729.1,0.0,0.0,40.0,8.29,0.0,2
6159,CONTAINER,885,880,729.1,0.0,0.0,40.0,8.29,0.0,2
6159,CONTAINER,885,880,729.1,0.0,0.0,40.0,8.29,0.0,2
6159,CONTAINER,885,880,729.1,0.0,0.0,40.0,8.29,0.0,2
6159,CONTAINER,885,880,729.1,0.0,0.0,40.0,8.29,0.0,2
6159,CONTAINER,885,880,729.1,0.0,0.0,40.0,8.29,0.0,2
6159,CONTAINER,885,880,729.1,0.0,0.0,40.0,8.29,0.0,2
6159,CONTAINER,885,880,729.1,0.0,0.0,40.0,8.29,0.0,2
6159,CONTAINER,885,880,729.1,0.0,0.0,40.0,8.29,0.0,2
6159,CONTAINER,885,880,729.1,0.0,0.0,40.0,8.29,0.0,2
6159,CONTAINER,885,880,729.1,0.0,0.0,40.0,8.29,0.0,2
6159,CONTAINER,885,880,729.1,0.0,0.0,40.0,8.29,0.0,2
6159,CONTAINER,885,880,729.1,0.0,0.0,40.0,8.29,0.0,2
6159,CONTAINER,885,880,729.1,0.0,0.0,40.0,8.29,0.0,2
6159,CONTAINER,885,880,729.1,0.0,0.0,40.0,8.29,0.0,2
6159,CONTAINER,885,880,729.1,0.0,0.0,40.0,8.29,0.0,2
6159,CONTAINER,885,880,729.1,0.0,0.0,40.0,8.29,0.0,2
6159,CONTAINER,885,880,729.1,0.0,0.0,40.0,8.29,0.0,2
6159,CONTAINER,885,880,729.1,0.0,0.0,40.0,8.29,0.0,2
6159,CONTAINER,885,880,729.1,0.0,0.0,40.0,8.29,0.0,2
6159,CONTAINER,885,880,729.1,0.0,0.0,40.0,8.29,0.0,2
6159,CONTAINER,885,880,729.1,0.0,0.0,40.0,8.29,0.0,2
6159,CONTAINER,885,880,729.1,0.0,0.0,40.0,8.29,0.0,2
6159,CONTAINER,885,880,729.1,0.0,0.0,40.0,8.29,0.0,2
6159,CONTAINER,885,880,729.1,0.0,0.0,40.0,8.29,0.0,2
6159,CONTAINER,885,880,729.1,0.0,0.0,40.0,8.29,0.0,2
6159,CONTAINER,885,880,729.1,0.0,0.0,40.0,8.29,0.0,2
6159,CONTAINER,885,880,729.1,0.0,0.0,40.0,8.29,0.0,2
6159,CONTAINER,885,880,729.1,0.0,0.0,40.0,8.29,0.0,2
6159,CONTAINER,885,880,729.1,0.0,0.0,40.0,8.29,0.0,2
6159,CONTAINER,885,880,729.1,0.0,0.0,40.0,8.29,0.0,2
6159,CONTAINER,885,880,729.1,0.0,0.0,40.0,8.29,0.0,2
6159,CONTAINER,885,880,729.1,0.0,0.0,40.0,8.29,0.0,2
6159,CONTAINER,885,880,729.1,0.0,0.0,40.0,8.29,0.0,2
6159,CONTAINER,885,880,729.1,0.0,0.0,40.0,8.29,0.0,2
6159,CONTAINER,885,880,729.1,0.0,0.0,40.0,8.29,0.0,2
6159,CONTAINER,885,880,729.1,0.0,0.0,40.0,8.29,0.0,2
6159,CONTAINER,885,880,729.1,0.0,0.0,40.0,8.29,0.0,2
6159,CONTAINER,885,880,729.1,0.0,0.0,40.0,8.29,0.0,2
6159,CONTAINER,885,880,729.1,0.0,0.0,40.0,8.29,0.0,2
6159,CONTAINER,885,880,729.1,0.0,0.0,40.0,8.29,0.0,2
6159,CONTAINER,885,880,729.1,0.0,0.0,40.0,8.29,0.0,2
6159,CONTAINER,885,880,729.1,0.0,0.0,40.0,8.29,0.0,2
6159,CONTAINER,885,880,729.1,0.0,0.0,40.0,8.29,0.0,2
6159,CONTAINER,885,880,729.1,0.0,0.0,40.0,8.29,0.0,2
6159,CONTAINER,885,880,729.1,0.0,0.0,40.0,8.29,0.0,2
6159,CONTAINER,885,880,729.1,0.0,0.0,40.0,8.29,0.0,2
6159,CONTAINER,885,880,729.1,0.0,0.0,40.0,8.29,0.0,2
6159,CONTAINER,885,880,729.1,0.0,0.0,40.0,8.29,0.0,2
6159,CONTAINER,885,880,729.1,0.0,0.0,40.0,8.29,0.0,2
6159,CONTAINER,885,880,729.1,0.0,0.0,40.0,8.29,0.0,2
6159,CONTAINER,885,880,729.1,0.0,0.0,40.0,8.29,0.0,2
6159,CONTAINER,885,880,729.1,0.0,0.0,40.0,8.29,0.0,2
6159,CONTAINER,885,880,729.1,0.0,0.0,40.0,8.29,0.0,2
6159,CONTAINER,885,880,729.1,0.0,0.0,40.0,8.29,0.0,2
6159,CONTAINER,885,880,729.1,0.0,0.0,40.0,8.29,0.0,2
6159,CONTAINER,885,880,729.1,0.0,0.0,40.0,8.29,0.0,2
6159,CONTAINER,885,880,729.1,0.0,0.0,40.0,8.29,0.0,2
6159,CONTAINER,885,880,729.1,0.0,0.0,40.0,8.29,0.0,2
6159,CONTAINER,885,880,729.1,0.0,0.0,40.0,8.29,0.0,2
6159,CONTAINER,885,880,729.1,0.0,0.0,40.0,8.29,0.0,2
6159,CONTAINER,885,880,729.1,0.0,0.0,40.0,8.29,0.0,2
6159,CONTAINER,885,880,729.1,0.0,0.0,40.0,8.29,0.0,2
6159,CONTAINER,885,880,729.1,0.0,0.0,40.0,8.29,0.0,2
6159,CONTAINER,885,880,729.1,0.0,0.0,40.0,8.29,0.0,2
6159,CONTAINER,885,880,729.1,0.0,0.0,40.0,8.29,0.0,2
6159,CONTAINER,885,880,729.1,0.0,0.0,40.0,8.29,0.0,2
6159,CONTAINER,885,880,729.1,0.0,0.0,40.0,8.29,0.0,2
6159,CONTAINER,885,880,729.1,0.0,0.0,40.0,8.29,0.0,2
6159,CONTAINER,885,880,729.1,0.0,0.0,40.0,8.29,0.0,2
6159,CONTAINER,885,880,729.1,0.0,0.0,40.0,8.29,0.0,2
6159,CONTAINER,885,880,729.1,0.0,0.0,40.0,8.29,0.0,2
6159,CONTAINER,885,880,729.1,0.0,0.0,40.0,8.29,0.0,2
6159,CONTAINER,885,880,729.1,0.0,0.0,40.0,8.29,0.0,2
6159,CONTAINER,885,880,729.1,0.0,0.0,40.0,8.29,0.0,2
6159,CONTAINER,885,880,729.1,0.0,0.0,40.0,8.29,0.0,2
6159,CONTAINER,885,880,729.1,0.0,0.0,40.0,8.29,0.0,2
6159,CONTAINER,885,880,729.1,0.0,0.0,40.0,8.29,0.0,2
6159,CONTAINER,885,880,729.1,0.0,0.0,40.0,8.29,0.0,2
6159,CONTAINER,885,880,729.1,0.0,0.0,40.0,8.29,0.0,2
6159,CONTAINER,885,880,729.1,0.0,0.0,40.0,8.29,0.0,2
6159,CONTAINER,885,880,729.1,0.0,0.0,40.0,8.29,0.0,2
6159,CONTAINER,885,880,729.1,0.0,0.0,40.0,8.29,0.0,2
6159,CONTAINER,885,880,729.1,0.0,0.0,40.0,8.29,0.0,2
6159,CONTAINER,885,880,729.1,0.0,0.0,40.0,8.29,0.0,2
6159,CONTAINER,885,880,729.1,0.0,0.0,40.0,8.29,0.0,2
6159,CONTAINER,885,880,729.1,0.0,0.0,40.0,8.29,0.0,2
6159,CONTAINER,885,880,729.1,0.0,0.0,40.0,8.29,0.0,2
6159,CONTAINER,885,880,729.1,0.0,0.0,40.0,8.29,0.0,2
6159,CONTAINER,885,880,729.1,0.0,0.0,40.0,8.29,0.0,2
6159,CONTAINER,885,880,729.1,0.0,0.0,40.0,8.29,0.0,2
6159,CONTAINER,885,880,729.1,0.0,0.0,40.0,8.29,0.0,2
6159,CONTAINER,885,880,729.1,0.0,0.0,40.0,8.29,0.0,2
6159,CONTAINER,885,880,729.1,0.0,0.0,40.0,8.29,0.0,2
6159,CONTAINER,885,880,729.1,0.0,0.0,40.0,8.29,0.0,2
6159,CONTAINER,885,880,729.1,0.0,0.0,40.0,8.29,0.0,2
6159,CONTAINER,885,880,729.1,0.0,0.0,40.0,8.29,0.0,2
6159,CONTAINER,885,880,729.1,0.0,0.0,40.0,8.29,0.0,2
6159,CONTAINER,885,880,729.1,0.0,0.0,40.0,8.29,0.0,2
6159,CONTAINER,885,880,729.1,0.0,0.0,40.0,8.29,0.0,2
6159,CONTAINER,885,880,729.1,0.0,0.0,40.0,8.29,0.0,2
6159,CONTAINER,885,880,729.1,0.0,0.0,40.0,8.29,0.0,2
6159,CONTAINER,885,880,729.1,0.0,0.0,40.0,8.29,0.0,2
6159,CONTAINER,885,880,729.1,0.0,0.0,40.0,8.29,0.0,2
6159,CONTAINER,885,880,729.1,0.0,0.0,40.0,8.29,0.0,2
6159,CONTAINER,885,880,729.1,0.0,0.0,40.0,8.29,0.0,2
6159,CONTAINER,885,880,729.1,0.0,0.0,40.0,8.29,0.0,2
6159,CONTAINER,885,880,729.1,0.0,0.0,40.0,8.29,0.0,2
6159,CONTAINER,885,880,729.1,0.0,0.0,40.0,8.29,0.0,2
6159,CONTAINER,885,880,729.1,0.0,0.0,40.0,8.29,0.0,2
6159,CONTAINER,885,880,729.1,0.0,0.0,40.0,8.29,0.0,2
6159,CONTAINER,885,880,729.1,0.0,0.0,40.0,8.29,0.0,2
6159,CONTAINER,885,880,729.1,0.0,0.0,40.0,8.29,0.0,2
6159,CONTAINER,885,880,729.1,0.0,0.0,40.0,8.29,0.0,2
6159,CONTAINER,885,880,729.1,0.0,0.0,40.0,8.29,0.0,2
6159,CONTAINER,885,880,729.1,0.0,0.0,40.0,8.29,0.0,2
6159,CONTAINER,885,880,729.1,0.0,0.0,40.0,8.29,0.0,2
6159,CONTAINER,885,880,729.1,0.0,0.0,40.0,8.29,0.0,2
6159,CONTAINER,885,880,729.1,0.0,0.0,40.0,8.29,0.0,2
6159,CONTAINER,885,880,729.1,0.0,0.0,40.0,8.29,0.0,2
6159,CONTAINER,885,880,729.1,0.0,0.0,40.0,8.29,0.0,2
6159,CONTAINER,885,880,729.1,0.0,0.0,40.0,8.29,0.0,2
6159,CONTAINER,885,880,729.1,0.0,0.0,40.0,8.29,0.0,2
6159,CONTAINER,885,880,729.1,0.0,0.0,40.0,8.29,0.0,2
6159,CONTAINER,885,880,729.1,0.0,0.0,40.0,8.29,0.0,2
6159,CONTAINER,885,880,729.1,0.0,0.0,40.0,8.29,0.0,2
6159,CONTAINER,885,880,729.1,0.0,0.0,40.0,8.29,0.0,2
6159,CONTAINER,885,880,729.1,0.0,0.0,40.0,8.29,0.0,2
6159,CONTAINER,885,880,729.1,0.0,0.0,40.0,8.29,0.0,2
6159,CONTAINER,885,880,729.1,0.0,0.0,40.0,8.29,0.0,2
6159,CONTAINER,885,880,729.1,0.0,0.0,40.0,8.29,0.0,2
6159,CONTAINER,885,880,729.1,0.0,0.0,40.0,8.29,0.0,2
6159,CONTAINER,885,880,729.1,0.0,0.0,40.0,8.29,0.0,2
6159,CONTAINER,885,880,729.1,0.0,0.0,40.0,8.29,0.0,2
6159,CONTAINER,885,880,729.1,0.0,0.0,40.0,8.29,0.0,2
6159,CONTAINER,885,880,729.1,0.0,0.0,40.0,8.29,0.0,2
6159,CONTAINER,885,880,729.1,0.0,0.0,40.0,8.29,0.0,2
6159,CONTAINER,885,880,729.1,0.0,0.0,40.0,8.29,0.0,2
6159,CONTAINER,885,880,729.1,0.0,0.0,40.0,8.29,0.0,2
6159,CONTAINER,885,880,729.1,0.0,0.0,40.0,8.29,0.0,2
6159,CONTAINER,885,880,729.1,0.0,0.0,40.0,8.29,0.0,2
6159,CONTAINER,885,880,729.1,0.0,0.0,40.0,8.29,0.0,2
6159,CONTAINER,885,880,729.1,0.0,0.0,40.0,8.29,0.0,2
6159,CONTAINER,885,880,729.1,0.0,0.0,40.0,8.29,0.0,2
6159,CONTAINER,885,880,729.1,0.0,0.0,40.0,8.29,0.0,2
6159,CONTAINER,885,880,729.1,0.0,0.0,40.0,8.29,0.0,2
6159,CONTAINER,885,880,729.1,0.0,0.0,40.0,8.29,0.0,2
6159,CONTAINER,885,880,729.1,0.0,0.0,40.0,8.29,0.0,2
6159,CONTAINER,885,880,729.1,0.0,0.0,40.0,8.29,0.0,2
6159,CONTAINER,885,880,729.1,0.0,0.0,40.0,8.29,0.0,2
6159,CONTAINER,885,880,729.1,0.0,0.0,40.0,8.29,0.0,2
6159,CONTAINER,885,880,729.1,0.0,0.0,40.0,8.29,0.0,2
6159,CONTAINER,885,880,729.1,0.0,0.0,40.0,8.29,0.0,2
6159,CONTAINER,885,880,729.1,0.0,0.0,40.0,8.29,0.0,2
6159,CONTAINER,885,880,729.1,0.0,0.0,40.0,8.29,0.0,2
6159,CONTAINER,885,880,729.1,0.0,0.0,40.0,8.29,0.0,2
6159,CONTAINER,885,880,729.1,0.0,0.0,40.0,8.29,0.0,2
6159,CONTAINER,885,880,729.1,0.0,0.0,40.0,8.29,0.0,2
6159,CONTAINER,885,880,729.1,0.0,0.0,40.0,8.29,0.0,2
6159,CONTAINER,885,880,729.1,0.0,0.0,40.0,8.29,0.0,2
6159,CONTAINER,885,880,729.1,0.0,0.0,40.0,8.29,0.0,2
6159,CONTAINER,885,880,729.1,0.0,0.0,40.0,8.29,0.0,2
6159,CONTAINER,885,880,729.1,0.0,0.0,40.0,8.29,0.0,2
6159,CONTAINER,885,880,729.1,0.0,0.0,40.0,8.29,0.0,2
6159,CONTAINER,885,880,729.1,0.0,0.0,40.0,8.29,0.0,2
6159,CONTAINER,885,880,729.1,0.0,0.0,40.0,8.29,0.0,2
6159,CONTAINER,885,880,729.1,0.0,0.0,40.0,8.29,0.0,2
6159,CONTAINER,885,880,729.1,0.0,0.0,40.0,8.29,0.0,2
6159,CONTAINER,885,880,729.1,0.0,0.0,40.0,8.29,0.0,2
6159,CONTAINER,885,880,729.1,0.0,0.0,40.0,8.29,0.0,2
6159,CONTAINER,885,880,729.1,0.0,0.0,40.0,8.29,0.0,2
6159,CONTAINER,885,880,729.1,0.0,0.0,40.0,8.29,0.0,2
6159,CONTAINER,885,880,729.1,0.0,0.0,40.0,8.29,0.0,2
6159,CONTAINER,885,880,729.1,0.0,0.0,40.0,8.29,0.0,2
6159,CONTAINER,885,880,729.1,0.0,0.0,40.0,8.29,0.0,2
6159,CONTAINER,885,880,729.1,0.0,0.0,40.0,8.29,0.0,2
6159,CONTAINER,885,880,729.1,0.0,0.0,40.0,8.29,0.0,2
6159,CONTAINER,885,880,729.1,0.0,0.0,40.0,8.29,0.0,2
6159,CONTAINER,885,880,729.1,0.0,0.0,40.0,8.29,0.0,2
6159,CONTAINER,885,880,729.1,0.0,0.0,40.0,8.29,0.0,2
6159,CONTAINER,885,880,729.1,0.0,0.0,40.0,8.29,0.0,2
6159,CONTAINER,885,880,729.1,0.0,0.0,40.0,8.29,0.0,2
6159,CONTAINER,885,880,729.1,0.0,0.0,40.0,8.29,0.0,2
6159,CONTAINER,885,880,729.1,0.0,0.0,40.0,8.29,0.0,2
6159,CONTAINER,885,880,729.1,0.0,0.0,40.0,8.29,0.0,2
6159,CONTAINER,885,880,729.1,0.0,0.0,40.0,8.29,0.0,2
6159,CONTAINER,885,880,729.1,0.0,0.0,40.0,8.29,0.0,2
6159,CONTAINER,885,880,729.1,0.0,0.0,40.0,8.29,0.0,2
6159,CONTAINER,885,880,729.1,0.0,0.0,40.0,8.29,0.0,2
6159,CONTAINER,885,880,729.1,0.0,0.0,40.0,8.29,0.0,2
6159,CONTAINER,885,880,729.1,0.0,0.0,40.0,8.29,0.0,2
6159,CONTAINER,885,880,729.1,0.0,0.0,40.0,8.29,0.0,2
6159,CONTAINER,885,880,729.1,0.0,0.0,40.0,8.29,0.0,2
6159,CONTAINER,885,880,729.1,0.0,0.0,40.0,8.29,0.0,2
6159,CONTAINER,885,880,729.1,0.0,0.0,40.0,8.29,0.0,2
6159,CONTAINER,885,880,729.1,0.0,0.0,40.0,8.29,0.0,2
6159,CONTAINER,885,880,729.1,0.0,0.0,40.0,8.29,0.0,2
6159,CONTAINER,885,880,729.1,0.0,0.0,40.0,8.29,0.0,2
6159,CONTAINER,885,880,729.1,0.0,0.0,40.0,8.29,0.0,2
6159,CONTAINER,885,880,729.1,0.0,0.0,40.0,8.29,0.0,2
6159,CONTAINER,885,880,729.1,0.0,0.0,40.0,8.29,0.0,2
6159,CONTAINER,885,880,729.1,0.0,0.0,40.0,8.29,0.0,2
6159,CONTAINER,885,880,729.1,0.0,0.0,40.0,8.29,0.0,2
6159,CONTAINER,885,880,729.1,0.0,0.0,40.0,8.29,0.0,2
6159,CONTAINER,885,880,729.1,0.0,0.0,40.0,8.29,0.0,2
6159,CONTAINER,885,880,729.1,0.0,0.0,40.0,8.29,0.0,2
6159,CONTAINER,885,880,729.1,0.0,0.0,40.0,8.29,0.0,2
6159,CONTAINER,885,880,729.1,0.0,0.0,40.0,8.29,0.0,2
6159,CONTAINER,885,880,729.1,0.0,0.0,40.0,8.29,0.0,2
6159,CONTAINER,885,880,729.1,0.0,0.0,40.0,8.29,0.0,2
6159,CONTAINER,885,880,729.1,0.0,0.0,40.0,8.29,0.0,2
6159,CONTAINER,885,880,729.1,0.0,0.0,40.0,8.29,0.0,2
6159,CONTAINER,885,880,729.1,0.0,0.0,40.0,8.29,0.0,2
6159,CONTAINER,885,880,729.1,0.0,0.0,40.0,8.29,0.0,2
6159,CONTAINER,885,880,729.1,0.0,0.0,40.0,8.29,0.0,2
6159,CONTAINER,885,880,729.1,0.0,0.0,40.0,8.29,0.0,2
6159,CONTAINER,885,880,729.1,0.0,0.0,40.0,8.29,0.0,2
6159,CONTAINER,885,880,729.1,0.0,0.0,40.0,8.29,0.0,2
6159,CONTAINER,885,880,729.1,0.0,0.0,40.0,8.29,0.0,2
6159,CONTAINER,885,880,729.1,0.0,0.0,40.0,8.29,0.0,2
6159,CONTAINER,885,880,729.1,0.0,0.0,40.0,8.29,0.0,2
6159,CONTAINER,885,880,729.1,0.0,0.0,40.0,8.29,0.0,2
6159,CONTAINER,885,880,729.1,0.0,0.0,40.0,8.29,0.0,2
6159,CONTAINER,885,880,729.1,0.0,0.0,40.0,8.29,0.0,2
6159,CONTAINER,885,880,729.1,0.0,0.0,40.0,8.29,0.0,2
6159,CONTAINER,885,880,729.1,0.0,0.0,40.0,8.29,0.0,2
6159,CONTAINER,885,880,729.1,0.0,0.0,40.0,8.29,0.0,2
6159,CONTAINER,885,880,729.1,0.0,0.0,40.0,8.29,0.0,2
6159,CONTAINER,885,880,729.1,0.0,0.0,40.0,8.29,0.0,2
6159,CONTAINER,885,880,729.1,0.0,0.0,40.0,8.29,0.0,2
6159,CONTAINER,885,880,729.1,0.0,0.0,40.0,8.29,0.0,2
6159,CONTAINER,885,880,729.1,0.0,0.0,40.0,8.29,0.0,2
6159,CONTAINER,885,880,729.1,0.0,0.0,40.0,8.29,0.0,2
6159,CONTAINER,885,880,729.1,0.0,0.0,40.0,8.29,0.0,2
6159,CONTAINER,885,880,729.1,0.0,0.0,40.0,8.29,0.0,2
6159,CONTAINER,885,880,729.1,0.0,0.0,40.0,8.29,0.0,2
6159,CONTAINER,885,880,729.1,0.0,0.0,40.0,8.29,0.0,2
6159,CONTAINER,885,880,729.1,0.0,0.0,40.0,8.29,0.0,2
6159,CONTAINER,885,880,729.1,0.0,0.0,40.0,8.29,0.0,2
6159,CONTAINER,885,880,729.1,0.0,0.0,40.0,8.29,0.0,2
6159,CONTAINER,885,880,729.1,0.0,0.0,40.0,8.29,0.0,2
6159,CONTAINER,885,880,729.1,0.0,0.0,40.0,8.29,0.0,2
6159,CONTAINER,885,880,729.1,0.0,0.0,40.0,8.29,0.0,2
6159,CONTAINER,885,880,729.1,0.0,0.0,40.0,8.29,0.0,2
6159,CONTAINER,885,880,729.1,0.0,0.0,40.0,8.29,0.0,2
6159,CONTAINER,885,880,729.1,0.0,0.0,40.0,8.29,0.0,2
6159,CONTAINER,885,880,729.1,0.0,0.0,40.0,8.29,0.0,2
6159,CONTAINER,885,880,729.1,0.0,0.0,40.0,8.29,0.0,2
6159,CONTAINER,885,880,729.1,0.0,0.0,40.0,8.29,0.0,2
6159,CONTAINER,885,880,729.1,0.0,0.0,40.0,8.29,0.0,2
6159,CONTAINER,885,880,729.1,0.0,0.0,40.0,8.29,0.0,2
6159,CONTAINER,885,880,729.1,0.0,0.0,40.0,8.29,0.0,2
6159,CONTAINER,885,880,729.1,0.0,0.0,40.0,8.29,0.0,2
6159,CONTAINER,885,880,729.1,0.0,0.0,40.0,8.29,0.0,2
6159,CONTAINER,885,880,729.1,0.0,0.0,40.0,8.29,0.0,2
6159,CONTAINER,885,880,729.1,0.0,0.0,40.0,8.29,0.0,2
6159,CONTAINER,885,880,729.1,0.0,0.0,40.0,8.29,0.0,2
6159,CONTAINER,885,880,729.1,0.0,0.0,40.0,8.29,0.0,2
6159,CONTAINER,885,880,729.1,0.0,0.0,40.0,8.29,0.0,2
6159,CONTAINER,885,880,729.1,0.0,0.0,40.0,8.29,0.0,2
6159,CONTAINER,885,880,729.1,0.0,0.0,40.0,8.29,0.0,2
6159,CONTAINER,885,880,729.1,0.0,0.0,40.0,8.29,0.0,2
6159,CONTAINER,885,880,729.1,0.0,0.0,40.0,8.29,0.0,2
6159,CONTAINER,885,880,729.1,0.0,0.0,40.0,8.29,0.0,2
6159,CONTAINER,885,880,729.1,0.0,0.0,40.0,8.29,0.0,2
6159,CONTAINER,885,880,729.1,0.0,0.0,40.0,8.29,0.0,2
6159,CONTAINER,885,880,729.1,0.0,0.0,40.0,8.29,0.0,2
6159,CONTAINER,885,880,729.1,0.0,0.0,40.0,8.29,0.0,2
6159,CONTAINER,885,880,729.1,0.0,0.0,40.0,8.29,0.0,2
6159,CONTAINER,885,880,729.1,0.0,0.0,40.0,8.29,0.0,2
6159,CONTAINER,885,880,729.1,0.0,0.0,40.0,8.29,0.0,2
6159,CONTAINER,885,880,729.1,0.0,0.0,40.0,8.29,0.0,2
6159,CONTAINER,885,880,729.1,0.0,0.0,40.0,8.29,0.0,2
6159,CONTAINER,885,880,729.1,0.0,0.0,40.0,8.29,0.0,2
6159,CONTAINER,885,880,729.1,0.0,0.0,40.0,8.29,0.0,2
6159,CONTAINER,885,880,729.1,0.0,0.0,40.0,8.29,0.0,2
6159,CONTAINER,885,880,729.1,0.0,0.0,40.0,8.29,0.0,2
6159,CONTAINER,885,880,729.1,0.0,0.0,40.0,8.29,0.0,2
6159,CONTAINER,885,880,729.1,0.0,0.0,40.0,8.29,0.0,2
6159,CONTAINER,885,880,729.1,0.0,0.0,40.0,8.29,0.0,2
6159,CONTAINER,885,880,729.1,0.0,0.0,40.0,8.29,0.0,2
6159,CONTAINER,885,880,729.1,0.0,0.0,40.0,8.29,0.0,2
6159,CONTAINER,885,880,729.1,0.0,0.0,40.0,8.29,0.0,2
6159,CONTAINER,885,880,729.1,0.0,0.0,40.0,8.29,0.0,2
6159,CONTAINER,885,880,729.1,0.0,0.0,40.0,8.29,0.0,2
6159,CONTAINER,885,880,729.1,0.0,0.0,40.0,8.29,0.0,2
6159,CONTAINER,885,880,729.1,0.0,0.0,40.0,8.29,0.0,2
6159,CONTAINER,885,880,729.1,0.0,0.0,40.0,8.29,0.0,2
6159,CONTAINER,885,880,729.1,0.0,0.0,40.0,8.29,0.0,2
6159,CONTAINER,885,880,729.1,0.0,0.0,40.0,8.29,0.0,2
6159,CONTAINER,885,880,729.1,0.0,0.0,40.0,8.29,0.0,2
6159,CONTAINER,885,880,729.1,0.0,0.0,40.0,8.29,0.0,2
6159,CONTAINER,885,880,729.1,0.0,0.0,40.0,8.29,0.0,2
6159,CONTAINER,885,880,729.1,0.0,0.0,40.0,8.29,0.0,2
6159,CONTAINER,885,880,729.1,0.0,0.0,40.0,8.29,0.0,2
6159,CONTAINER,885,880,729.1,0.0,0.0,40.0,8.29,0.0,2
6159,CONTAINER,885,880,729.1,0.0,0.0,40.0,8.29,0.0,2
6159,CONTAINER,885,880,729.1,0.0,0.0,40.0,8.29,0.0,2
6159,CONTAINER,885,880,729.1,0.0,0.0,40.0,8.29,0.0,2
6159,CONTAINER,885,880,729.1,0.0,0.0,40.0,8.29,0.0,2
6159,CONTAINER,885,880,729.1,0.0,0.0,40.0,8.29,0.0,2
6159,CONTAINER,885,880,729.1,0.0,0.0,40.0,8.29,0.0,2
6159,CONTAINER,885,880,729.1,0.0,0.0,40.0,8.29,0.0,2
6159,CONTAINER,885,880,729.1,0.0,0.0,40.0,8.29,0.0,2
6159,CONTAINER,885,880,729.1,0.0,0.0,40.0,8.29,0.0,2
6159,CONTAINER,885,880,729.1,0.0,0.0,40.0,8.29,0.0,2
6159,CONTAINER,885,880,729.1,0.0,0.0,40.0,8.29,0.0,2
6159,CONTAINER,885,880,729.1,0.0,0.0,40.0,8.29,0.0,2
6159,CONTAINER,885,880,729.1,0.0,0.0,40.0,8.29,0.0,2
6159,CONTAINER,885,880,729.1,0.0,0.0,40.0,8.29,0.0,2
6159,CONTAINER,885,880,729.1,0.0,0.0,40.0,8.29,0.0,2
6159,CONTAINER,885,880,729.1,0.0,0.0,40.0,8.29,0.0,2
6159,CONTAINER,885,880,729.1,0.0,0.0,40.0,8.29,0.0,2
6159,CONTAINER,885,880,729.1,0.0,0.0,40.0,8.29,0.0,2
6159,CONTAINER,885,880,729.1,0.0,0.0,40.0,8.29,0.0,2
6159,CONTAINER,885,880,729.1,0.0,0.0,40.0,8.29,0.0,2
6159,CONTAINER,885,880,729.1,0.0,0.0,40.0,8.29,0.0,2
6159,CONTAINER,885,880,729.1,0.0,0.0,40.0,8.29,0.0,2
6159,CONTAINER,885,880,729.1,0.0,0.0,40.0,8.29,0.0,2
6159,CONTAINER,885,880,729.1,0.0,0.0,40.0,8.29,0.0,2
6159,CONTAINER,885,880,729.1,0.0,0.0,40.0,8.29,0.0,2
6159,CONTAINER,885,880,729.1,0.0,0.0,40.0,8.29,0.0,2
6159,CONTAINER,885,880,729.1,0.0,0.0,40.0,8.29,0.0,2
6159,CONTAINER,885,880,729.1,0.0,0.0,40.0,8.29,0.0,2
6159,CONTAINER,885,880,729.1,0.0,0.0,40.0,8.29,0.0,2
6159,CONTAINER,885,880,729.1,0.0,0.0,40.0,8.29,0.0,2
6159,CONTAINER,885,880,729.1,0.0,0.0,40.0,8.29,0.0,2
6159,CONTAINER,885,880,729.1,0.0,0.0,40.0,8.29,0.0,2
6159,CONTAINER,885,880,729.1,0.0,0.0,40.0,8.29,0.0,2
6159,CONTAINER,885,880,729.1,0.0,0.0,40.0,8.29,0.0,2
6159,CONTAINER,885,880,729.1,0.0,0.0,40.0,8.29,0.0,2
6159,CONTAINER,885,880,729.1,0.0,0.0,40.0,8.29,0.0,2
6159,CONTAINER,885,880,729.1,0.0,0.0,40.0,8.29,0.0,2
6159,CONTAINER,885,880,729.1,0.0,0.0,40.0,8.29,0.0,2
6159,CONTAINER,885,880,729.1,0.0,0.0,40.0,8.29,0.0,2
6159,CONTAINER,885,880,729.1,0.0,0.0,40.0,8.29,0.0,2
6159,CONTAINER,885,880,729.1,0.0,0.0,40.0,8.29,0.0,2
6159,CONTAINER,885,880,729.1,0.0,0.0,40.0,8.29,0.0,2
6159,CONTAINER,885,880,729.1,0.0,0.0,40.0,8.29,0.0,2
